Restaurant ID,Restaurant name,Order ID,Subtotal,Service fees on subtotal,Delivery fee,Total taxes,Total,Payment method,Fulfillment date (YYYY-MM-DD),Fulfillment time
402970,A&W,552656052,37.37,4.11,0,2.09,48,ONLINE,2022-08-14,20:24
402970,A&W,552678009,13.79,1.52,4.5,0.84,23.58,ONLINE,2022-08-14,21:54
402970,A&W,553080224,12.19,1.34,4.5,0.61,18.64,CARD,2022-08-15,18:51
402970,A&W,553126755,5.39,0.59,4.5,0.27,10.75,CASH,2022-08-15,21:39
402970,A&W,553788670,34.69,3.82,4.5,1.73,44.74,CARD,2022-08-17,11:30
402970,A&W,554318501,11.99,1.32,4.5,0.84,23.41,ONLINE,2022-08-18,12:16
402970,A&W,554347383,29.96,3.3,4.5,1.5,39.26,CARD,2022-08-18,13:07
402970,A&W,554580355,21.67,2.38,4.5,1.08,29.63,CASH,2022-08-18,21:52
402970,A&W,555774910,38.06,4.19,0,1.9,44.15,CARD,2022-08-20,19:04
402970,A&W,555832716,27.17,2.99,4.5,1.36,36.02,CARD,2022-08-20,21:15
402970,A&W,555842870,34.67,3.81,4.5,1.73,44.71,CARD,2022-08-20,21:54
402970,A&W,556066300,39.67,4.36,0,1.98,46.01,CASH,2022-08-21,11:46
402970,A&W,556281834,49.16,5.41,0,2.68,61.59,ONLINE,2022-08-21,18:03
402970,A&W,556633194,7.67,0.84,4.5,0.38,13.39,ONLINE,2022-08-22,13:03
402970,A&W,557155591,28.88,3.18,4.5,1.51,39.52,ONLINE,2022-08-23,16:10
402970,A&W,557209011,41.57,4.57,0,2.08,48.22,CARD,2022-08-23,18:06
402970,A&W,557245570,20.67,2.27,4.5,1.03,28.47,CASH,2022-08-23,19:38
402970,A&W,557656143,46.76,5.14,0,2.34,54.24,CARD,2022-08-24,17:26
402970,A&W,557739280,13.09,1.44,4.5,0.65,19.68,CASH,2022-08-24,21:06
402970,A&W,557947167,28.8,3.17,4.5,1.44,37.91,CARD,2022-08-25,11:04
402970,A&W,557990812,22.98,2.53,4.5,1.39,36.2,ONLINE,2022-08-25,12:14
402970,A&W,558117078,17.28,1.9,4.5,0.86,24.54,CARD,2022-08-25,16:24
402970,A&W,558191031,22.18,2.44,4.5,1.11,30.23,ONLINE,2022-08-25,18:47
402970,A&W,558199773,29.17,3.21,4.5,1.84,46.39,ONLINE,2022-08-25,19:04
402970,A&W,558243732,13.09,1.44,4.5,0.65,19.68,CARD,2022-08-25,21:15
402970,A&W,558546755,20.22,2.22,4.5,1.01,27.95,CARD,2022-08-26,12:15
402970,A&W,558637930,30.96,3.41,4.5,1.61,41.63,ONLINE,2022-08-26,14:35
402970,A&W,558694272,28.66,3.15,4.5,1.61,41.51,ONLINE,2022-08-26,16:09
402970,A&W,559500369,8.09,0.89,4.5,0.4,13.88,CARD,2022-08-27,21:06
402970,A&W,560039557,28.95,3.18,4.5,1.64,42.08,ONLINE,2022-08-29,12:49
402970,A&W,560060070,39.16,4.31,0,2.18,49.97,ONLINE,2022-08-28,20:34
402970,A&W,560277308,29.17,3.21,4.5,1.86,46.77,ONLINE,2022-08-29,11:51
402970,A&W,560431634,34.67,3.81,4.5,1.73,44.71,CASH,2022-08-29,17:42
402970,A&W,560452329,27.38,3.01,4.5,1.37,36.26,CASH,2022-08-29,18:31
402970,A&W,560861514,56.25,6.19,0,2.81,65.25,CASH,2022-08-30,17:16
402970,A&W,561142787,32.19,3.54,4.5,1.61,41.84,CARD,2022-08-31,11:02
402970,A&W,561146789,21.18,2.33,4.5,1.21,32.27,Card (G-Pay / via Browser),2022-08-31,10:51
402970,A&W,561202874,22.98,2.53,4.5,1.39,36.2,ONLINE,2022-08-31,12:47
402970,A&W,561222871,38.97,4.29,0,1.95,45.21,CARD,2022-08-31,13:34
402970,A&W,561296048,44.43,4.89,0,2.22,51.54,CARD,2022-08-31,16:13
402970,A&W,561331582,26.18,2.88,4.5,1.31,34.87,CARD,2022-08-31,17:19
402970,A&W,561390795,34.77,3.82,4.5,1.74,44.83,CARD,2022-08-31,19:31
402970,A&W,561795647,27.88,3.07,4.5,1.39,36.84,ONLINE,2022-09-01,16:39
402970,A&W,561890752,29.78,3.28,4.5,1.49,39.05,ONLINE,2022-09-01,20:23
402970,A&W,562242572,23.27,2.56,4.5,1.16,31.49,CARD,2022-09-02,12:56
402970,A&W,562448155,29.97,3.3,4.5,1.73,44.05,ONLINE,2022-09-02,18:13
402970,A&W,562490436,25.29,2.78,4.5,1.26,33.83,CARD,2022-09-02,19:09
402970,A&W,562514801,56.25,6.19,0,3.12,71.78,ONLINE,2022-09-02,19:56
402970,A&W,562930048,63.3,6.96,0,3.17,73.43,CARD,2022-09-03,14:49
402970,A&W,563008775,36.45,4.01,0,1.82,42.28,CARD,2022-09-03,16:33
402970,A&W,563016794,35.75,3.93,0,1.79,41.47,ONLINE,2022-09-03,16:48
402970,A&W,563377162,14.27,1.57,4.5,0.71,21.05,CASH,2022-09-04,10:39
402970,A&W,563380542,10.79,1.19,4.5,0.66,19.57,ONLINE,2022-09-04,10:38
402970,A&W,563667683,45.77,5.03,0,2.54,58.4,ONLINE,2022-09-04,18:12
402970,A&W,563707167,18.08,1.99,4.5,0.9,25.47,CARD,2022-09-04,19:25
402970,A&W,563986029,42.06,4.63,0,2.26,52.21,ONLINE,2022-09-05,13:33
402970,A&W,564055338,14.88,1.64,4.5,0.74,21.76,ONLINE,2022-09-05,15:52
402970,A&W,564375200,51.55,5.67,0,2.58,59.8,CASH,2022-09-06,11:40
402970,A&W,564378824,21.08,2.32,4.5,1.33,34.74,ONLINE,2022-09-06,11:46
402970,A&W,564578582,47.96,5.28,0,2.4,55.64,CARD,2022-09-06,19:37
402970,A&W,564951671,44.53,4.9,0,2.23,51.66,CARD,2022-09-07,17:00
402970,A&W,565043727,47.46,5.22,0,2.37,55.05,CARD,2022-09-07,20:54
402970,A&W,565754214,34.19,3.76,4.5,1.71,44.16,CARD,2022-09-09,11:17
402970,A&W,565807453,22.98,2.53,4.5,1.39,36.2,ONLINE,2022-09-09,12:22
402970,A&W,565899655,13.69,1.51,4.5,0.83,23.44,ONLINE,2022-09-09,14:58
402970,A&W,566685316,20.68,2.27,4.5,1.03,28.48,CASH,2022-09-10,19:32
402970,A&W,567176257,26.64,2.93,4.5,1.55,40,ONLINE,2022-09-11,17:53
402970,A&W,567198745,21.47,2.36,4.5,1.32,34.69,ONLINE,2022-09-11,18:33
402970,A&W,567586935,28.77,3.16,4.5,1.44,37.87,CASH,2022-09-12,18:19
402970,A&W,567889253,12.6,1.39,4.5,0.87,24.12,ONLINE,2022-09-13,16:12
402970,A&W,567986976,41.56,4.57,0,2.33,53.51,ONLINE,2022-09-13,18:19
402970,A&W,568025533,25.78,2.84,4.5,1.45,37.85,PayPal,2022-09-13,20:13
402970,A&W,568200472,23.38,2.57,4.5,1.44,37.31,ONLINE,2022-09-14,11:11
402970,A&W,568438398,40.86,4.49,0,2.27,52.13,ONLINE,2022-09-14,19:02
402970,A&W,568466546,37.66,4.14,0,2.28,51.98,ONLINE,2022-09-14,20:40
402970,A&W,568770366,45.83,5.04,0,2.29,53.16,CARD,2022-09-15,14:18
402970,A&W,569869472,56.36,6.2,0,3.32,75.84,ONLINE,2022-09-17,13:05
402971,Booster Juice,552893016,30.76,3.38,4.5,1.54,40.18,CASH,2022-08-15,12:13
402971,Booster Juice,553946415,22.31,2.45,4.5,1.12,30.38,CARD,2022-08-17,16:33
402971,Booster Juice,554505543,39.74,4.37,0,1.99,50.71,ONLINE,2022-08-18,18:39
402971,Booster Juice,554860749,17.98,1.98,4.5,0.9,27.86,PayPal,2022-08-19,12:09
402971,Booster Juice,555555483,24.5,2.7,4.5,1.23,32.93,CASH,2022-08-20,13:33
402971,Booster Juice,555645148,31.7,3.49,4.5,1.59,41.28,CARD,2022-08-20,16:04
402971,Booster Juice,557242970,18.45,2.03,4.5,0.92,25.9,CARD,2022-08-23,19:34
402971,Booster Juice,558037532,14.72,1.62,4.5,0.74,21.58,CASH,2022-08-25,13:35
402971,Booster Juice,558811047,7.36,0.81,4.5,0.37,13.04,CASH,2022-08-26,18:39
402971,Booster Juice,559956711,20.54,2.26,4.5,1.03,28.33,CARD,2022-08-28,17:01
402971,Booster Juice,560232488,24.57,2.7,4.5,1.23,39.93,ONLINE,2022-08-29,10:34
402971,Booster Juice,563462501,36.8,4.05,0,1.84,48.67,ONLINE,2022-09-04,12:43
402971,Booster Juice,563502737,16.26,1.79,4.5,0.81,23.36,CARD,2022-09-04,13:47
402971,Booster Juice,563636517,26.69,2.94,4.5,1.33,35.46,ONLINE,2022-09-04,17:25
402971,Booster Juice,563975341,22.85,2.51,4.5,1.14,31,CARD,2022-09-05,13:09
402971,Booster Juice,564017388,23.68,2.6,4.5,1.18,35.16,ONLINE,2022-09-05,14:40
402971,Booster Juice,564770406,27.69,3.05,4.5,1.38,41.62,ONLINE,2022-09-07,10:36
402971,Booster Juice,565848942,12.74,1.4,4.5,0.64,19.28,ONLINE,2022-09-09,13:24
402971,Booster Juice,566430100,8.13,0.89,4.5,0.41,13.93,ONLINE,2022-09-10,12:48
402971,Booster Juice,569893749,32.18,3.54,4.5,1.61,48.1,ONLINE,2022-09-17,13:44
402972,Boston Pizza,552555977,41.48,4.56,0,2.07,50.11,PayPal,2022-08-14,17:53
402972,Boston Pizza,552911135,15.99,1.76,4.5,0.8,25.12,ONLINE,2022-08-15,12:54
402972,Boston Pizza,553995110,36.26,3.99,0,1.81,42.06,CARD,2022-08-17,18:04
402972,Boston Pizza,554065833,57.75,6.35,0,2.89,66.99,CARD,2022-08-17,21:12
402972,Boston Pizza,554289627,44.91,4.94,0,2.25,59.1,ONLINE,2022-08-18,12:14
402972,Boston Pizza,554562104,22.95,2.52,4.5,1.15,31.12,CARD,2022-08-18,20:35
402972,Boston Pizza,555076775,85.5,9.41,0,4.28,110.1,ONLINE,2022-08-19,17:34
402972,Boston Pizza,555106425,46.47,5.11,0,2.32,53.9,CARD,2022-08-19,19:12
402972,Boston Pizza,555112449,23.04,2.53,4.5,1.15,35.9,ONLINE,2022-08-19,18:18
402972,Boston Pizza,555629656,82.7,9.1,0,4.14,95.94,CARD,2022-08-20,15:35
402972,Boston Pizza,556311013,87.52,9.63,0,4.38,116.76,ONLINE,2022-08-21,17:59
402972,Boston Pizza,556322446,68.74,7.56,0,3.44,87.71,ONLINE,2022-08-21,18:09
402972,Boston Pizza,556388436,40.36,4.44,0,2.02,46.82,CARD,2022-08-21,20:37
402972,Boston Pizza,556391933,68.96,7.59,0,3.45,86.4,ONLINE,2022-08-21,20:45
402972,Boston Pizza,556765056,44.27,4.87,0,2.21,51.35,CARD,2022-08-22,18:07
402972,Boston Pizza,556775596,70.25,7.73,0,3.51,81.49,CARD,2022-08-22,18:43
402972,Boston Pizza,559274435,19.96,2.2,4.5,1,31.81,ONLINE,2022-08-27,20:33
402972,Boston Pizza,559365806,92.79,10.21,0,4.64,120.56,ONLINE,2022-08-27,17:15
402972,Boston Pizza,559427038,37.16,4.09,0,1.86,49.58,ONLINE,2022-08-27,19:05
402972,Boston Pizza,559457618,24.49,2.69,4.5,1.22,37.84,PayPal,2022-08-27,19:29
402972,Boston Pizza,559461612,29.28,3.22,4.5,1.46,40.46,PayPal,2022-08-27,19:32
402972,Boston Pizza,560067348,44.27,4.87,0,2.21,53.92,ONLINE,2022-08-28,21:12
402972,Boston Pizza,560399844,35.98,3.96,0,1.8,41.74,ONLINE,2022-08-29,16:38
402972,Boston Pizza,560471606,20.48,2.25,4.5,1.02,28.25,CARD,2022-08-29,19:23
402972,Boston Pizza,560839001,36.46,4.01,0,1.82,48.63,ONLINE,2022-08-30,16:20
402972,Boston Pizza,560890640,35.28,3.88,0,1.76,48.92,ONLINE,2022-08-30,18:22
402972,Boston Pizza,560905884,51.86,5.7,0,2.59,66.17,ONLINE,2022-08-30,19:00
402972,Boston Pizza,561364281,65.57,7.21,0,3.28,84.06,ONLINE,2022-08-31,18:31
402972,Boston Pizza,561414959,36.47,4.01,0,1.82,46.53,ONLINE,2022-08-31,20:59
402972,Boston Pizza,561648568,73.46,8.08,0,3.67,85.21,CARD,2022-09-01,11:45
402972,Boston Pizza,561796682,25.98,2.86,4.5,1.3,34.64,CARD,2022-09-01,16:47
402972,Boston Pizza,561912981,16.99,1.87,4.5,0.85,26.63,ONLINE,2022-09-01,21:05
402972,Boston Pizza,562445553,44.96,4.95,0,2.25,52.16,CARD,2022-09-02,18:07
402972,Boston Pizza,562484314,41.57,4.57,0,2.08,53.22,PayPal,2022-09-02,19:12
402972,Boston Pizza,562488299,36.76,4.04,0,1.84,42.64,ONLINE,2022-09-02,19:27
402972,Boston Pizza,563038487,73.55,8.09,0,3.68,88.73,ONLINE,2022-09-03,17:58
402972,Boston Pizza,563626135,50.34,5.54,0,2.52,67.16,ONLINE,2022-09-04,17:14
402972,Boston Pizza,563650338,19.29,2.12,4.5,0.96,26.87,CARD,2022-09-04,17:51
402972,Boston Pizza,564984118,43.94,4.83,0,2.2,50.97,CARD,2022-09-07,18:08
402972,Boston Pizza,565266531,109.4,12.03,0,5.47,147.2,ONLINE,2022-09-08,12:19
402972,Boston Pizza,565989252,37.87,4.17,0,1.89,43.93,CARD,2022-09-09,17:19
402972,Boston Pizza,566001764,63.04,6.93,0,3.15,84.09,ONLINE,2022-09-09,17:50
402972,Boston Pizza,566003174,69.2,7.61,0,3.46,80.27,CARD,2022-09-09,17:38
402972,Boston Pizza,566010922,75.81,8.34,0,3.79,99.37,ONLINE,2022-09-09,18:04
402972,Boston Pizza,566614993,58.46,6.43,0,2.92,67.81,CARD,2022-09-10,17:36
402972,Boston Pizza,566629639,48.75,5.36,0,2.44,63.9,ONLINE,2022-09-10,18:12
402972,Boston Pizza,567621100,39.96,4.4,0,2,51.46,ONLINE,2022-09-12,20:08
402972,Boston Pizza,568434168,55.25,6.08,0,2.76,71.09,PayPal,2022-09-14,18:50
402972,Boston Pizza,568450713,64.08,7.05,0,3.2,91.43,ONLINE,2022-09-14,19:34
402972,Boston Pizza,568807973,24.48,2.69,4.5,1.22,32.89,CARD,2022-09-15,15:44
402972,Boston Pizza,569483408,67.51,7.43,0,3.38,88.5,ONLINE,2022-09-16,18:26
402972,Boston Pizza,569543699,24.99,2.75,4.5,1.25,33.49,CARD,2022-09-16,20:25
402973,Edo Japan,552532531,29.75,3.27,4.5,1.49,39.01,CARD,2022-08-14,16:36
402973,Edo Japan,552589945,53.2,5.85,0,2.66,67.71,PayPal,2022-08-14,18:04
402973,Edo Japan,553386971,40.95,4.5,0,2.05,47.5,CARD,2022-08-16,13:25
402973,Edo Japan,553498064,38.9,4.28,0,1.95,51.9,ONLINE,2022-08-16,17:25
402973,Edo Japan,553502503,38.45,4.23,0,1.92,49.06,PayPal,2022-08-16,17:37
402973,Edo Japan,553868396,12.5,1.38,4.5,0.63,19.01,ONLINE,2022-08-17,13:41
402973,Edo Japan,553952590,41.7,4.59,0,2.09,53.38,ONLINE,2022-08-17,16:49
402973,Edo Japan,554036124,14.1,1.55,4.5,0.71,20.86,CARD,2022-08-17,19:29
402973,Edo Japan,554470126,52.5,5.78,0,2.63,67.91,ONLINE,2022-08-18,17:14
402973,Edo Japan,554566723,35.1,3.86,0,1.76,40.72,CARD,2022-08-18,20:50
402973,Edo Japan,554846766,40.65,4.47,0,2.03,49.15,ONLINE,2022-08-19,12:50
402973,Edo Japan,554872170,17.2,1.89,4.5,0.86,26.9,ONLINE,2022-08-19,12:18
402973,Edo Japan,554920966,16.45,1.81,4.5,0.82,28.58,ONLINE,2022-08-19,13:27
402973,Edo Japan,555092612,26.95,2.96,4.5,1.35,35.76,ONLINE,2022-08-19,17:45
402973,Edo Japan,556263724,35.8,3.94,0,1.79,44,ONLINE,2022-08-21,17:32
402973,Edo Japan,556276689,41.7,4.59,0,2.09,48.38,CARD,2022-08-21,16:52
402973,Edo Japan,556312895,41.8,4.6,0,2.09,55.76,ONLINE,2022-08-21,17:47
402973,Edo Japan,556362582,15.95,1.75,4.5,0.8,23,CASH,2022-08-21,19:17
402973,Edo Japan,556590571,42.8,4.71,0,2.14,57.59,Card (G-Pay / via Browser),2022-08-22,11:30
402973,Edo Japan,556768660,44.85,4.93,0,2.24,57.22,ONLINE,2022-08-22,18:17
402973,Edo Japan,556785354,38.25,4.21,0,1.91,49.69,ONLINE,2022-08-22,18:57
402973,Edo Japan,557112494,46.1,5.07,0,2.31,62.04,Card (G-Pay / via Browser),2022-08-23,14:35
402973,Edo Japan,557187185,14.9,1.64,4.5,0.75,21.79,CASH,2022-08-23,17:18
402973,Edo Japan,557235287,43.1,4.74,0,2.16,60,ONLINE,2022-08-23,19:08
402973,Edo Japan,557618137,19.2,2.11,4.5,0.96,26.77,CARD,2022-08-24,16:11
402973,Edo Japan,557657790,51.7,5.69,0,2.59,62.98,PayPal,2022-08-24,17:29
402973,Edo Japan,557682817,52,5.72,0,2.6,66.35,PayPal,2022-08-24,18:22
402973,Edo Japan,558021246,51.2,5.63,0,2.56,59.39,CARD,2022-08-25,13:14
402973,Edo Japan,558143956,36.85,4.05,0,1.84,44.88,PayPal,2022-08-25,17:13
402973,Edo Japan,558204167,15.5,1.71,4.5,0.78,22.49,CARD,2022-08-25,19:12
402973,Edo Japan,558663951,16.45,1.81,4.5,0.82,23.58,ONLINE,2022-08-26,15:20
402973,Edo Japan,558695074,19.35,2.13,4.5,0.97,26.95,CARD,2022-08-26,16:05
402973,Edo Japan,559074129,52.05,5.73,0,2.6,60.38,CARD,2022-08-27,11:59
402973,Edo Japan,559163065,40.35,4.44,0,2.02,46.81,CARD,2022-08-27,12:07
402973,Edo Japan,559368368,61.95,6.81,0,3.1,71.86,CARD,2022-08-27,17:15
402973,Edo Japan,559405470,11.5,1.27,4.5,0.58,19.64,ONLINE,2022-08-27,18:01
402973,Edo Japan,559415916,35.4,3.89,0,1.77,41.06,CARD,2022-08-27,18:17
402973,Edo Japan,559435689,18.2,2,4.5,0.91,25.61,CASH,2022-08-27,18:47
402973,Edo Japan,559971633,21.2,2.33,4.5,1.06,29.09,ONLINE,2022-08-28,17:27
402973,Edo Japan,560464613,20.45,2.25,4.5,1.02,31.04,ONLINE,2022-08-29,19:01
402973,Edo Japan,560901414,51.3,5.64,0,2.57,66.65,ONLINE,2022-08-30,18:47
402973,Edo Japan,560918969,16.5,1.82,4.5,0.83,29.33,ONLINE,2022-08-30,19:24
402973,Edo Japan,561235119,19.9,2.19,4.5,1,31.73,ONLINE,2022-08-31,14:19
402973,Edo Japan,561321565,21.95,2.41,4.5,1.1,34.96,ONLINE,2022-08-31,17:00
402973,Edo Japan,561395962,64.35,7.08,0,3.22,81.65,PayPal,2022-08-31,19:39
402973,Edo Japan,561447098,24.5,2.7,4.5,1.23,32.93,ONLINE,2022-09-01,17:11
402973,Edo Japan,561720107,18.6,2.05,4.5,0.93,26.08,CARD,2022-09-01,15:05
402973,Edo Japan,561825742,29.95,3.29,4.5,1.5,45.13,ONLINE,2022-09-01,17:34
402973,Edo Japan,561877300,28.55,3.14,4.5,1.43,39.5,ONLINE,2022-09-01,19:15
402973,Edo Japan,563037399,36.25,3.99,0,1.81,47.05,ONLINE,2022-09-03,17:19
402973,Edo Japan,563047858,41.7,4.59,0,2.09,48.38,ONLINE,2022-09-03,17:34
402973,Edo Japan,563512114,39.75,4.37,0,1.99,53.03,ONLINE,2022-09-04,14:10
402973,Edo Japan,563631499,26.6,2.93,4.5,1.33,35.36,ONLINE,2022-09-04,17:20
402973,Edo Japan,563671199,69.3,7.62,0,3.47,88.43,ONLINE,2022-09-04,18:19
402973,Edo Japan,563678209,35.85,3.94,0,1.79,48.58,ONLINE,2022-09-04,18:35
402973,Edo Japan,563702354,40.65,4.47,0,2.03,47.15,CARD,2022-09-04,19:24
402973,Edo Japan,563711093,35.1,3.86,0,1.76,45.61,ONLINE,2022-09-04,19:36
402973,Edo Japan,564042115,21.9,2.41,4.5,1.1,30,ONLINE,2022-09-05,15:27
402973,Edo Japan,564082791,39.25,4.32,0,1.96,45.53,CARD,2022-09-05,17:16
402973,Edo Japan,564157911,21.1,2.32,4.5,1.06,34.78,PayPal,2022-09-05,19:33
402973,Edo Japan,564396769,14.95,1.64,4.5,0.75,21.84,CASH,2022-09-06,12:23
402973,Edo Japan,564496110,34.85,3.83,4.5,1.74,44.92,CARD,2022-09-06,16:22
402973,Edo Japan,564506248,37.85,4.16,0,1.89,45.9,PayPal,2022-09-06,16:58
402973,Edo Japan,564825699,35.9,3.95,0,1.8,45.82,ONLINE,2022-09-07,12:24
402973,Edo Japan,565316896,26.2,2.88,4.5,1.31,34.89,CASH,2022-09-08,13:27
402973,Edo Japan,565423890,23.25,2.56,4.5,1.16,34.62,ONLINE,2022-09-08,17:29
402973,Edo Japan,566052999,33.4,3.67,4.5,1.67,43.24,ONLINE,2022-09-09,19:01
402973,Edo Japan,566312302,15.4,1.69,4.5,0.77,22.36,CASH,2022-09-11,18:07
402973,Edo Japan,566456059,20.7,2.28,4.5,1.04,30.8,ONLINE,2022-09-10,13:45
402973,Edo Japan,566654326,22.5,2.48,4.5,1.13,30.61,CARD,2022-09-10,18:40
402973,Edo Japan,566975667,36.7,4.04,0,1.84,45.58,ONLINE,2022-09-11,12:58
402973,Edo Japan,567024357,14.65,1.61,4.5,0.73,21.49,ONLINE,2022-09-11,13:22
402973,Edo Japan,567150199,37.3,4.1,0,1.87,43.27,ONLINE,2022-09-11,17:05
402973,Edo Japan,567174144,94.9,10.44,0,4.75,110.09,CARD,2022-09-11,17:49
402973,Edo Japan,567473782,40.1,4.41,0,2.01,46.52,CARD,2022-09-12,13:15
402973,Edo Japan,567591649,29.7,3.27,4.5,1.49,38.96,CASH,2022-09-12,18:42
402973,Edo Japan,567910679,32.3,3.55,4.5,1.62,46.97,ONLINE,2022-09-13,15:41
402973,Edo Japan,568239494,57.05,6.28,0,2.85,79.42,ONLINE,2022-09-14,11:33
402973,Edo Japan,568251953,38.85,4.27,0,1.94,52.27,ONLINE,2022-09-14,11:55
402973,Edo Japan,568369556,29.9,3.29,4.5,1.5,41.19,PayPal,2022-09-14,16:25
402973,Edo Japan,568425099,43.95,4.83,0,2.2,56.08,ONLINE,2022-09-14,18:43
402973,Edo Japan,568703333,68.2,7.5,0,3.41,94.93,ONLINE,2022-09-15,12:05
402973,Edo Japan,568705598,27.35,3.01,4.5,1.37,39.23,ONLINE,2022-09-15,11:58
402973,Edo Japan,568902846,16.25,1.79,4.5,0.81,23.35,CASH,2022-09-15,18:57
402973,Edo Japan,569303644,20.35,2.24,4.5,1.02,31.11,ONLINE,2022-09-16,13:52
402973,Edo Japan,569372407,20.35,2.24,4.5,1.02,28.11,CARD,2022-09-17,12:11
402973,Edo Japan,569895534,29.9,3.29,4.5,1.5,39.19,CARD,2022-09-17,13:26
402974,Fritou Chicken,552988422,38.59,4.24,0,1.93,44.76,ONLINE,2022-08-15,15:35
402974,Fritou Chicken,553392209,32.55,3.58,4.5,1.63,50.71,ONLINE,2022-08-16,13:38
402974,Fritou Chicken,553560457,28.14,3.1,4.5,1.41,37.15,ONLINE,2022-08-16,19:57
402974,Fritou Chicken,553784272,34.95,3.84,4.5,1.75,46.54,PayPal,2022-08-17,17:20
402974,Fritou Chicken,554476304,17.9,1.97,4.5,0.9,27.29,PayPal,2022-08-18,18:17
402974,Fritou Chicken,554965058,49.95,5.49,0,2.5,57.94,CARD,2022-08-19,14:51
402974,Fritou Chicken,555151752,61.9,6.81,0,3.1,71.81,CARD,2022-08-19,19:23
402974,Fritou Chicken,555160126,62.85,6.91,0,3.14,72.9,CARD,2022-08-19,19:35
402974,Fritou Chicken,556645129,25.9,2.85,4.5,1.3,34.55,CARD,2022-08-22,13:30
402974,Fritou Chicken,556784278,37.82,4.16,0,1.89,43.87,CARD,2022-08-22,18:54
402974,Fritou Chicken,556791681,49.95,5.49,0,2.5,60.84,ONLINE,2022-08-22,19:14
402974,Fritou Chicken,557150874,23.44,2.58,4.5,1.17,36.44,ONLINE,2022-08-23,16:04
402974,Fritou Chicken,557242159,54.3,5.97,0,2.72,62.99,CARD,2022-08-23,19:31
402974,Fritou Chicken,557707866,46.9,5.16,0,2.35,54.41,CARD,2022-08-24,19:14
402974,Fritou Chicken,558198190,20.9,2.3,4.5,1.05,28.75,CARD,2022-08-25,19:00
402974,Fritou Chicken,558550113,14.95,1.64,4.5,0.75,24.02,ONLINE,2022-08-26,12:16
402974,Fritou Chicken,558608203,17.4,1.91,4.5,0.87,27.18,PayPal,2022-08-26,13:43
402974,Fritou Chicken,558789863,34.95,3.84,4.5,1.75,48.64,ONLINE,2022-08-26,18:31
402974,Fritou Chicken,560470900,49.95,5.49,0,2.5,57.94,CARD,2022-08-29,19:22
402974,Fritou Chicken,561189283,25.85,2.84,4.5,1.29,34.48,CARD,2022-08-31,12:26
402974,Fritou Chicken,561397511,31.85,3.5,4.5,1.59,41.44,CARD,2022-08-31,19:59
402974,Fritou Chicken,561708830,17.9,1.97,4.5,0.9,25.27,ONLINE,2022-09-01,13:40
402974,Fritou Chicken,561843417,33.6,3.7,4.5,1.68,43.48,CASH,2022-09-01,18:23
402974,Fritou Chicken,561877073,31.9,3.51,4.5,1.6,45.71,ONLINE,2022-09-01,19:34
402974,Fritou Chicken,562977680,13.5,1.49,4.5,0.68,20.17,ONLINE,2022-09-03,15:59
402974,Fritou Chicken,563097074,42.8,4.71,0,2.14,52.13,PayPal,2022-09-03,19:19
402974,Fritou Chicken,563704150,45.65,5.02,0,2.28,52.95,CARD,2022-09-04,19:22
402974,Fritou Chicken,564565532,14.95,1.64,4.5,0.75,21.84,ONLINE,2022-09-06,19:03
402974,Fritou Chicken,564578788,49.95,5.49,0,2.5,60.94,ONLINE,2022-09-06,19:44
402974,Fritou Chicken,564801620,19.9,2.19,4.5,1,30.35,ONLINE,2022-09-07,11:43
402974,Fritou Chicken,564987891,72.25,7.95,0,3.61,92.19,ONLINE,2022-09-07,18:45
402974,Fritou Chicken,565336058,14.45,1.59,4.5,0.72,23.39,PayPal,2022-09-08,14:15
402974,Fritou Chicken,565474801,33.32,3.67,4.5,1.67,43.16,CARD,2022-09-08,19:46
402974,Fritou Chicken,565971993,37.8,4.16,0,1.89,46.92,ONLINE,2022-09-09,17:05
402974,Fritou Chicken,566653784,53.8,5.92,0,2.69,62.41,CARD,2022-09-10,18:57
402974,Fritou Chicken,566662482,25.94,2.85,4.5,1.3,37.01,PayPal,2022-09-10,19:14
402974,Fritou Chicken,566700029,13.95,1.53,4.5,0.7,20.68,ONLINE,2022-09-11,13:25
402974,Fritou Chicken,567209496,37.85,4.16,0,1.89,51.36,Card (G-Pay / via Browser),2022-09-11,19:03
402974,Fritou Chicken,567591772,58.75,6.46,0,2.94,74.15,ONLINE,2022-09-12,18:33
402974,Fritou Chicken,567617868,13.95,1.53,4.5,0.7,20.68,ONLINE,2022-09-12,19:54
402974,Fritou Chicken,567848544,17.4,1.91,4.5,0.87,27.15,PayPal,2022-09-13,12:26
402974,Fritou Chicken,568393445,47.8,5.26,0,2.39,55.45,CARD,2022-09-14,17:34
402974,Fritou Chicken,569389775,15.7,1.73,4.5,0.79,24.99,ONLINE,2022-09-16,16:16
402974,Fritou Chicken,569435426,45.65,5.02,0,2.28,56.95,ONLINE,2022-09-16,19:47
402974,Fritou Chicken,569484554,49.95,5.49,0,2.5,57.94,CASH,2022-09-16,18:43
402974,Fritou Chicken,570043787,57.69,6.35,0,2.88,66.92,CARD,2022-09-17,17:54
402974,Fritou Chicken,570047096,71.59,7.87,0,3.58,93.04,ONLINE,2022-09-17,17:36
402976,Husky House Restaurant Strathmore,556127308,41,4.51,0,2.05,47.56,CARD,2022-08-21,12:54
402976,Husky House Restaurant Strathmore,556220986,41,4.51,0,2.05,47.56,CARD,2022-08-21,15:37
402976,Husky House Restaurant Strathmore,559116031,44,4.84,0,2.2,51.04,CARD,2022-08-27,11:13
402976,Husky House Restaurant Strathmore,559466883,15,1.65,4.5,0.75,21.9,CARD,2022-08-28,16:49
402976,Husky House Restaurant Strathmore,560744056,75,8.25,0,3.75,87,CARD,2022-08-30,13:01
402976,Husky House Restaurant Strathmore,563969638,56,6.16,0,2.8,64.96,CARD,2022-09-05,13:17
402976,Husky House Restaurant Strathmore,563969818,17,1.87,4.5,0.85,24.22,CARD,2022-09-05,13:01
402976,Husky House Restaurant Strathmore,565744478,21,2.31,4.5,1.05,28.86,CARD,2022-09-09,11:06
402976,Husky House Restaurant Strathmore,568427300,15,1.65,4.5,0.75,21.9,CASH,2022-09-14,18:32
402976,Husky House Restaurant Strathmore,569775132,12,1.32,4.5,0.6,18.42,CASH,2022-09-17,10:37
402977,Dobre,554276314,28.89,3.18,4.5,1.44,38.01,CASH,2022-08-18,14:28
402977,Dobre,558809859,27.92,3.07,4.5,1.4,36.89,CARD,2022-08-26,19:04
402977,Dobre,562921493,13.95,1.53,4.5,0.7,20.68,CARD,2022-09-03,14:17
402977,Dobre,569499103,20.97,2.31,4.5,1.05,28.83,CARD,2022-09-16,18:49
402979,Imperial Dragon,552632330,16.95,1.86,4.5,0.85,24.16,CASH,2022-08-14,19:14
402979,Imperial Dragon,553972130,175.9,19.35,0,8.8,204.05,CASH,2022-08-17,17:19
402979,Imperial Dragon,557661670,46.85,5.15,0,2.34,66.34,PayPal,2022-08-24,17:32
402979,Imperial Dragon,558153336,22.45,2.47,4.5,1.12,33.59,ONLINE,2022-08-25,17:21
402979,Imperial Dragon,559295759,27.95,3.07,4.5,1.4,39.92,ONLINE,2022-08-27,17:24
402979,Imperial Dragon,559376485,43.4,4.77,0,2.17,55.34,ONLINE,2022-08-27,17:22
402979,Imperial Dragon,559425766,35.4,3.89,0,1.77,41.06,CARD,2022-08-27,18:39
402979,Imperial Dragon,560401197,57.8,6.36,0,2.89,70.4,ONLINE,2022-08-29,16:29
402979,Imperial Dragon,561360573,78.7,8.66,0,3.94,91.3,CARD,2022-08-31,18:13
402979,Imperial Dragon,561850240,22.45,2.47,4.5,1.12,30.54,CARD,2022-09-01,18:13
402979,Imperial Dragon,562498251,75.75,8.33,0,3.79,96.66,ONLINE,2022-09-02,19:28
402979,Imperial Dragon,564096509,51.3,5.64,0,2.57,59.51,CARD,2022-09-05,17:01
402979,Imperial Dragon,564126713,43.85,4.82,0,2.19,50.86,ONLINE,2022-09-05,18:00
402979,Imperial Dragon,566081367,64.8,7.13,0,3.24,77.17,ONLINE,2022-09-09,19:36
402979,Imperial Dragon,566613440,42.9,4.72,0,2.15,55.24,ONLINE,2022-09-10,17:36
402979,Imperial Dragon,566684098,37.1,4.08,0,1.86,43.04,CARD,2022-09-10,19:44
402979,Imperial Dragon,567159296,22.45,2.47,4.5,1.12,35.73,ONLINE,2022-09-11,17:08
402979,Imperial Dragon,568328416,94.45,10.39,0,4.72,109.56,ONLINE,2022-09-14,17:21
402981,Little Caesars,553474278,43.98,4.84,0,2.2,56.12,ONLINE,2022-08-16,16:37
402981,Little Caesars,554343805,61.95,6.81,0,3.1,76.89,ONLINE,2022-08-18,13:03
402981,Little Caesars,555633083,27.43,3.02,4.5,1.37,36.32,CARD,2022-08-20,15:43
402981,Little Caesars,555711002,12.48,1.37,4.5,0.62,23.14,ONLINE,2022-08-20,17:26
402981,Little Caesars,555803395,72.47,7.97,0,3.62,94.99,ONLINE,2022-08-20,19:52
402981,Little Caesars,555833082,38.7,4.26,0,1.94,44.9,CARD,2022-08-20,21:13
402981,Little Caesars,556290380,41.95,4.61,0,2.1,48.66,ONLINE,2022-08-21,17:11
402981,Little Caesars,556331328,24.81,2.73,4.5,1.24,33.28,CARD,2022-08-21,18:16
402981,Little Caesars,556755079,34.73,3.82,4.5,1.74,52.85,ONLINE,2022-08-22,17:45
402981,Little Caesars,557204721,18.98,2.09,4.5,0.95,28.64,PayPal,2022-08-23,17:51
402981,Little Caesars,557688365,39.97,4.4,0,2,46.37,CARD,2022-08-24,18:26
402981,Little Caesars,557719433,27.97,3.08,4.5,1.4,42.12,ONLINE,2022-08-24,19:49
402981,Little Caesars,558522129,54.47,5.99,0,2.72,68.23,ONLINE,2022-08-26,11:48
402981,Little Caesars,558780104,9.97,1.1,4.5,0.5,16.07,ONLINE,2022-08-26,19:57
402981,Little Caesars,558805513,59.87,6.59,0,2.99,69.45,CARD,2022-08-26,18:34
402981,Little Caesars,559349952,20.99,2.31,4.5,1.05,31.74,ONLINE,2022-08-27,17:31
402981,Little Caesars,559410555,41.63,4.58,0,2.08,50.29,ONLINE,2022-08-27,18:09
402981,Little Caesars,560859707,21.76,2.39,4.5,1.09,29.74,CARD,2022-08-30,17:00
402981,Little Caesars,560924526,27.72,3.05,4.5,1.39,36.66,CASH,2022-08-30,19:34
402981,Little Caesars,561284678,39.47,4.34,0,1.97,50.36,ONLINE,2022-08-31,15:48
402981,Little Caesars,561298338,35.48,3.9,0,1.77,46.91,ONLINE,2022-08-31,16:12
402981,Little Caesars,561805902,31.93,3.51,4.5,1.6,47.77,ONLINE,2022-09-01,16:55
402981,Little Caesars,562235995,35.46,3.9,0,1.77,43.13,PayPal,2022-09-02,12:39
402981,Little Caesars,562410468,23.98,2.64,4.5,1.2,35.32,ONLINE,2022-09-02,17:11
402981,Little Caesars,562479482,20.99,2.31,4.5,1.05,28.85,ONLINE,2022-09-02,19:50
402981,Little Caesars,563057691,50.53,5.56,0,2.53,58.62,CARD,2022-09-03,17:44
402981,Little Caesars,563112639,30.98,3.41,4.5,1.55,40.44,ONLINE,2022-09-03,19:07
402981,Little Caesars,563129408,43.92,4.83,0,2.2,50.95,ONLINE,2022-09-03,19:37
402981,Little Caesars,563722096,15.49,1.7,4.5,0.77,25.46,ONLINE,2022-09-04,19:49
402981,Little Caesars,564095896,36.47,4.01,0,1.82,47.38,ONLINE,2022-09-05,17:04
402981,Little Caesars,564111178,36.76,4.04,0,1.84,42.64,CARD,2022-09-05,17:37
402981,Little Caesars,564111325,24.74,2.72,4.5,1.24,37.2,ONLINE,2022-09-05,17:36
402981,Little Caesars,564134872,41.97,4.62,0,2.1,53.07,ONLINE,2022-09-05,18:30
402981,Little Caesars,565039773,31.98,3.52,4.5,1.6,44.1,ONLINE,2022-09-07,20:34
402981,Little Caesars,565306224,7.99,0.88,4.5,0.4,13.77,CASH,2022-09-08,13:16
402981,Little Caesars,565324491,22.99,2.53,4.5,1.15,31.17,CARD,2022-09-08,13:38
402981,Little Caesars,565970411,15.99,1.76,4.5,0.8,24.2,ONLINE,2022-09-09,16:48
402981,Little Caesars,565981510,37.96,4.18,0,1.9,48.44,ONLINE,2022-09-09,17:07
402981,Little Caesars,566066586,20.99,2.31,4.5,1.05,30.85,PayPal,2022-09-09,19:05
402981,Little Caesars,566068497,25.76,2.83,4.5,1.29,39.54,PayPal,2022-09-09,19:11
402981,Little Caesars,567135023,22.28,2.45,4.5,1.11,33.68,ONLINE,2022-09-11,16:33
402981,Little Caesars,567477940,24.97,2.75,4.5,1.25,33.47,ONLINE,2022-09-12,13:29
402981,Little Caesars,567961970,38.96,4.29,0,1.95,49.72,ONLINE,2022-09-13,17:16
402981,Little Caesars,568375319,38.96,4.29,0,1.95,45.2,ONLINE,2022-09-14,16:32
402981,Little Caesars,568408998,37.71,4.15,0,1.89,43.75,CASH,2022-09-14,17:50
402981,Little Caesars,568868687,29.47,3.24,4.5,1.47,40.68,PayPal,2022-09-15,17:39
402981,Little Caesars,568904004,23.95,2.63,4.5,1.2,32.28,CASH,2022-09-15,19:02
402981,Little Caesars,570142779,40.93,4.5,0,2.05,47.48,CASH,2022-09-17,19:47
402981,Little Caesars,570175847,73.68,8.1,0,3.68,85.46,ONLINE,2022-09-17,21:25
402982,McDonald's,552614628,10.59,1.16,4.5,0.53,16.78,CARD,2022-08-14,18:44
402982,McDonald's,552848274,21.35,2.35,4.5,1.07,33.66,ONLINE,2022-08-15,10:56
402982,McDonald's,552875694,6.48,0.71,4.5,0.32,12.01,CASH,2022-08-15,11:45
402982,McDonald's,552989933,33.96,3.74,0,1.7,39.4,CASH,2022-08-15,22:07
402982,McDonald's,552996491,31.11,3.42,0,1.56,36.09,CARD,2022-08-15,15:51
402982,McDonald's,553028236,15.68,1.72,4.5,0.78,22.68,CASH,2022-08-15,16:59
402982,McDonald's,553517507,4.29,0.47,4.5,0.21,9.47,CARD,2022-08-16,18:06
402982,McDonald's,553533187,9.78,1.08,4.5,0.49,19.02,ONLINE,2022-08-16,18:41
402982,McDonald's,553818580,28.85,3.17,0,1.44,38.48,PayPal,2022-08-17,13:46
402982,McDonald's,553880164,31.11,3.42,0,1.56,36.09,CARD,2022-08-17,14:02
402982,McDonald's,553880425,17.25,1.9,4.5,0.86,24.51,CARD,2022-08-17,13:58
402982,McDonald's,553943382,15.98,1.76,4.5,0.8,23.04,CASH,2022-08-17,16:48
402982,McDonald's,554041652,16.58,1.82,4.5,0.83,27.23,ONLINE,2022-08-17,19:46
402982,McDonald's,554073434,13.36,1.47,4.5,0.67,20,CARD,2022-08-17,22:00
402982,McDonald's,554315590,29.41,3.24,0,1.47,39.24,ONLINE,2022-08-18,12:12
402982,McDonald's,554345638,43.03,4.73,0,2.15,49.91,CARD,2022-08-18,13:01
402982,McDonald's,554582668,18.07,1.99,4.5,0.9,25.46,CARD,2022-08-18,22:03
402982,McDonald's,554894891,32.45,3.57,0,1.62,42.65,PayPal,2022-08-19,12:44
402982,McDonald's,554915394,33.65,3.7,0,1.68,39.03,CARD,2022-08-19,13:13
402982,McDonald's,555022098,26.27,2.89,0,1.31,33.52,ONLINE,2022-08-19,16:11
402982,McDonald's,555056549,31.11,3.42,0,1.56,36.09,CARD,2022-08-19,16:52
402982,McDonald's,555136163,25.35,2.79,0,1.27,29.41,CASH,2022-08-19,18:37
402982,McDonald's,555146797,4.36,0.48,4.5,0.22,9.56,CARD,2022-08-19,18:57
402982,McDonald's,555161956,25.45,2.8,0,1.27,29.52,CARD,2022-08-19,19:24
402982,McDonald's,555476076,20.48,2.25,4.5,1.02,28.25,ONLINE,2022-08-20,11:50
402982,McDonald's,555483647,12.05,1.33,4.5,0.6,21.44,ONLINE,2022-08-20,11:59
402982,McDonald's,555759588,55.58,6.11,0,2.78,68.34,ONLINE,2022-08-20,18:41
402982,McDonald's,556065418,5.59,0.61,4.5,0.28,10.98,CASH,2022-08-21,21:34
402982,McDonald's,556336108,30.31,3.33,0,1.52,40.16,ONLINE,2022-08-21,19:09
402982,McDonald's,556350409,13.17,1.45,4.5,0.66,21.56,ONLINE,2022-08-21,18:48
402982,McDonald's,556400108,13.17,1.45,4.5,0.66,23.34,ONLINE,2022-08-21,21:22
402982,McDonald's,556522854,23.85,2.62,4.5,1.19,33.45,ONLINE,2022-08-22,12:36
402982,McDonald's,556589350,7.79,0.86,4.5,0.39,13.54,CASH,2022-08-22,11:34
402982,McDonald's,556636857,11.59,1.27,4.5,0.58,17.94,ONLINE,2022-08-22,13:04
402982,McDonald's,556639129,26.56,2.92,0,1.33,30.81,ONLINE,2022-08-22,13:15
402982,McDonald's,556778259,16.27,1.79,4.5,0.81,23.37,CASH,2022-08-23,16:02
402982,McDonald's,556829662,14.06,1.55,4.5,0.7,20.81,CASH,2022-08-22,21:54
402982,McDonald's,557033292,25.05,2.76,0,1.25,29.06,CARD,2022-08-23,12:40
402982,McDonald's,557180854,12.97,1.43,4.5,0.65,19.55,ONLINE,2022-08-23,17:00
402982,McDonald's,557278105,67.21,7.39,0,3.36,77.96,CASH,2022-08-23,22:01
402982,McDonald's,557531267,39.42,4.34,0,1.97,45.73,ONLINE,2022-08-24,13:06
402982,McDonald's,557566285,15.77,1.73,4.5,0.79,22.79,ONLINE,2022-08-24,14:14
402982,McDonald's,557639612,22.66,2.49,4.5,1.13,33.55,PayPal,2022-08-24,16:54
402982,McDonald's,557657208,27.67,3.04,0,1.38,32.09,CARD,2022-08-24,17:38
402982,McDonald's,557698439,19.56,2.15,4.5,0.98,27.19,CASH,2022-08-24,18:55
402982,McDonald's,557701124,32.35,3.56,0,1.62,37.53,CASH,2022-08-24,19:00
402982,McDonald's,557701465,7.79,0.86,4.5,0.39,13.54,CARD,2022-08-24,18:56
402982,McDonald's,557703487,7.79,0.86,4.5,0.39,13.54,CARD,2022-08-24,19:01
402982,McDonald's,557707499,39.64,4.36,0,1.98,50.98,PayPal,2022-08-24,19:35
402982,McDonald's,557725663,24.97,2.75,4.5,1.25,36.47,PayPal,2022-08-24,20:03
402982,McDonald's,557735863,13.29,1.46,4.5,0.66,19.91,CASH,2022-08-24,20:42
402982,McDonald's,557739483,41.48,4.56,0,2.07,48.11,ONLINE,2022-08-24,20:58
402982,McDonald's,557983940,24.04,2.64,4.5,1.2,35.94,ONLINE,2022-08-25,12:06
402982,McDonald's,558005661,16.47,1.81,4.5,0.82,23.6,CASH,2022-08-25,12:46
402982,McDonald's,558022890,9.67,1.06,4.5,0.48,18.07,ONLINE,2022-08-25,13:15
402982,McDonald's,558091470,33.76,3.71,0,1.69,39.16,CARD,2022-08-25,15:32
402982,McDonald's,558184318,32.15,3.54,0,1.61,40.28,ONLINE,2022-08-25,18:36
402982,McDonald's,558192040,71.86,7.9,0,3.59,83.35,CASH,2022-08-25,18:47
402982,McDonald's,558216144,46.12,5.07,0,2.31,53.5,CASH,2022-08-25,19:45
402982,McDonald's,558240875,6.18,0.68,4.5,0.31,11.67,ONLINE,2022-08-25,21:03
402982,McDonald's,558243428,18.67,2.05,4.5,0.93,28.77,ONLINE,2022-08-25,21:16
402982,McDonald's,558248696,39.96,4.4,0,2,46.36,CARD,2022-08-25,21:37
402982,McDonald's,558253098,23.61,2.6,4.5,1.18,31.89,ONLINE,2022-08-25,22:07
402982,McDonald's,558546984,29.26,3.22,0,1.46,43.44,ONLINE,2022-08-26,12:15
402982,McDonald's,558555344,31.11,3.42,0,1.56,36.09,CARD,2022-08-26,12:21
402982,McDonald's,558556356,21.66,2.38,4.5,1.08,29.62,ONLINE,2022-08-26,13:14
402982,McDonald's,558579536,40.93,4.5,0,2.05,52.48,ONLINE,2022-08-26,13:02
402982,McDonald's,558735612,11.89,1.31,4.5,0.59,18.29,CASH,2022-08-26,17:07
402982,McDonald's,558781183,25.38,2.79,0,1.27,29.44,CASH,2022-08-26,18:03
402982,McDonald's,558858096,12.56,1.38,4.5,0.63,19.07,CARD,2022-08-26,20:15
402982,McDonald's,558877094,29.92,3.29,0,1.5,35.06,ONLINE,2022-08-26,21:11
402982,McDonald's,559254984,32.53,3.58,0,1.63,37.74,ONLINE,2022-08-27,14:25
402982,McDonald's,559314114,27.15,2.99,0,1.36,31.5,CASH,2022-08-27,15:57
402982,McDonald's,559509667,14.65,1.61,4.5,0.73,25.79,ONLINE,2022-08-27,21:44
402982,McDonald's,559796105,10.86,1.19,4.5,0.54,17.77,ONLINE,2022-08-28,12:40
402982,McDonald's,559956586,42.87,4.72,0,2.14,57.19,ONLINE,2022-08-28,17:00
402982,McDonald's,559969610,18.37,2.02,4.5,0.92,25.81,CASH,2022-08-28,17:21
402982,McDonald's,559970471,5.18,0.57,4.5,0.26,10.51,CASH,2022-08-28,17:17
402982,McDonald's,559990849,40.04,4.4,0,2,46.44,CARD,2022-08-28,17:55
402982,McDonald's,560035401,51.3,5.64,0,2.57,59.51,ONLINE,2022-08-28,20:16
402982,McDonald's,560072496,16.18,1.78,4.5,0.81,23.27,ONLINE,2022-08-28,21:27
402982,McDonald's,560277660,41.4,4.55,0,2.07,48.02,CARD,2022-08-29,11:59
402982,McDonald's,560288089,32.66,3.59,0,1.63,41,ONLINE,2022-08-29,12:09
402982,McDonald's,560395339,21.17,2.33,4.5,1.06,34.87,ONLINE,2022-08-29,16:28
402982,McDonald's,560508167,15.88,1.75,4.5,0.79,22.92,ONLINE,2022-08-29,22:10
402982,McDonald's,560742097,27.45,3.02,0,1.37,35.02,ONLINE,2022-08-30,12:49
402982,McDonald's,560755607,13.47,1.48,4.5,0.67,25.12,ONLINE,2022-08-30,13:16
402982,McDonald's,560815380,15.98,1.76,4.5,0.8,23.04,CASH,2022-08-30,15:20
402982,McDonald's,560858006,10.28,1.13,4.5,0.51,16.42,CARD,2022-08-30,17:02
402982,McDonald's,560887766,39.2,4.31,0,1.96,45.47,CARD,2022-08-30,18:09
402982,McDonald's,560907288,32.73,3.6,0,1.64,39.49,ONLINE,2022-08-30,18:54
402982,McDonald's,560944292,25.48,2.8,0,1.27,29.55,CARD,2022-08-30,20:53
402982,McDonald's,560954489,42.12,4.63,0,2.11,48.86,ONLINE,2022-08-30,21:56
402982,McDonald's,561246316,3.58,0.39,4.5,0.18,8.65,CARD,2022-08-31,14:21
402982,McDonald's,561299120,33.7,3.71,0,1.69,44.1,ONLINE,2022-08-31,16:20
402982,McDonald's,561303046,6.89,0.76,4.5,0.34,12.49,CASH,2022-08-31,16:26
402982,McDonald's,561340231,32.74,3.6,0,1.64,41.78,ONLINE,2022-08-31,17:40
402982,McDonald's,561358750,25.15,2.77,0,1.26,32.18,ONLINE,2022-08-31,18:16
402982,McDonald's,561679542,10.88,1.2,4.5,0.54,19.69,ONLINE,2022-09-01,12:38
402982,McDonald's,561784690,14.37,1.58,4.5,0.72,21.17,CASH,2022-09-01,16:24
402982,McDonald's,561799435,32.45,3.57,0,1.62,37.64,CARD,2022-09-01,16:45
402982,McDonald's,561817634,34.57,3.8,0,1.73,42.1,PayPal,2022-09-01,17:21
402982,McDonald's,561859255,32.54,3.58,0,1.63,37.75,CARD,2022-09-01,18:37
402982,McDonald's,561880882,25.86,2.84,0,1.29,29.99,CARD,2022-09-01,19:27
402982,McDonald's,562293276,15.58,1.71,4.5,0.78,22.57,ONLINE,2022-09-02,14:16
402982,McDonald's,562296885,10.88,1.2,4.5,0.54,17.12,CASH,2022-09-02,14:21
402982,McDonald's,562334947,13.89,1.53,4.5,0.69,22.67,ONLINE,2022-09-02,15:28
402982,McDonald's,562387885,27.67,3.04,0,1.38,32.09,CASH,2022-09-02,16:48
402982,McDonald's,562404594,12.54,1.38,4.5,0.63,19.05,ONLINE,2022-09-02,17:06
402982,McDonald's,562575557,10.59,1.16,4.5,0.53,16.78,ONLINE,2022-09-03,13:18
402982,McDonald's,562771755,26.55,2.92,0,1.33,30.8,CARD,2022-09-03,11:11
402982,McDonald's,562827844,42.04,4.62,0,2.1,48.76,CARD,2022-09-03,12:09
402982,McDonald's,562830053,26.63,2.93,0,1.33,30.89,CASH,2022-09-03,12:06
402982,McDonald's,562848166,31.11,3.42,0,1.56,36.09,CARD,2022-09-03,12:26
402982,McDonald's,563019782,13.89,1.53,4.5,0.69,22.67,ONLINE,2022-09-03,16:49
402982,McDonald's,563055019,22.86,2.51,4.5,1.14,31.01,ONLINE,2022-09-03,17:38
402982,McDonald's,563167718,13.88,1.53,4.5,0.69,23.69,ONLINE,2022-09-03,21:15
402982,McDonald's,563488909,23.15,2.55,4.5,1.16,34.5,ONLINE,2022-09-04,13:29
402982,McDonald's,563495123,27.46,3.02,0,1.37,31.85,CARD,2022-09-04,13:26
402982,McDonald's,563593739,15.39,1.69,4.5,0.77,22.35,ONLINE,2022-09-04,16:21
402982,McDonald's,563610555,21.18,2.33,4.5,1.06,29.07,CARD,2022-09-04,16:57
402982,McDonald's,563622364,25.39,2.79,0,1.27,33.87,PayPal,2022-09-04,17:06
402982,McDonald's,563701884,10.29,1.13,4.5,0.51,16.43,CARD,2022-09-04,19:15
402982,McDonald's,563750874,45.33,4.99,0,2.27,57.59,PayPal,2022-09-04,22:07
402982,McDonald's,563905153,25.2,2.77,0,1.26,29.23,CARD,2022-09-05,10:49
402982,McDonald's,563983758,31.22,3.43,0,1.56,41.64,ONLINE,2022-09-05,13:32
402982,McDonald's,564035928,12.25,1.35,4.5,0.61,18.71,ONLINE,2022-09-05,15:08
402982,McDonald's,564054202,13.89,1.53,4.5,0.69,20.61,ONLINE,2022-09-05,15:46
402982,McDonald's,564126520,12.44,1.37,4.5,0.62,18.93,CASH,2022-09-05,18:12
402982,McDonald's,564132097,5.29,0.58,4.5,0.26,13.63,ONLINE,2022-09-05,18:18
402982,McDonald's,564411887,28.76,3.16,0,1.44,33.36,CASH,2022-09-06,12:59
402982,McDonald's,564416862,32.23,3.55,0,1.61,37.39,ONLINE,2022-09-06,13:09
402982,McDonald's,564430221,22.68,2.49,4.5,1.13,30.8,CARD,2022-09-06,13:37
402982,McDonald's,564495385,5.29,0.58,4.5,0.26,10.63,CARD,2022-09-06,16:14
402982,McDonald's,564569304,31.16,3.43,0,1.56,36.15,CASH,2022-09-06,19:17
402982,McDonald's,564581899,34.02,3.74,0,1.7,44.46,ONLINE,2022-09-06,20:01
402982,McDonald's,564695456,12.16,1.34,4.5,0.61,21.4,ONLINE,2022-09-07,10:40
402982,McDonald's,564788379,19.75,2.17,4.5,0.99,27.41,CASH,2022-09-07,11:06
402982,McDonald's,564818669,23.58,2.59,4.5,1.18,36.85,ONLINE,2022-09-07,12:06
402982,McDonald's,564837083,28.57,3.14,0,1.43,33.14,CASH,2022-09-07,12:41
402982,McDonald's,564901835,13.89,1.53,4.5,0.69,22.67,ONLINE,2022-09-07,15:15
402982,McDonald's,564926332,9.38,1.03,4.5,0.47,15.38,CASH,2022-09-07,16:16
402982,McDonald's,564990585,13.37,1.47,4.5,0.67,20.01,CASH,2022-09-07,18:20
402982,McDonald's,565051291,26.96,2.97,0,1.35,31.28,CASH,2022-09-07,21:33
402982,McDonald's,565053903,25.17,2.77,0,1.26,29.2,ONLINE,2022-09-07,21:51
402982,McDonald's,565286442,25.17,2.77,0,1.26,29.2,CASH,2022-09-08,12:28
402982,McDonald's,565331017,37.75,4.15,0,1.89,43.79,CARD,2022-09-08,13:59
402982,McDonald's,565371929,13.49,1.48,4.5,0.67,22.15,ONLINE,2022-09-08,15:39
402982,McDonald's,565430139,21.04,2.31,4.5,1.05,28.9,CARD,2022-09-08,17:40
402982,McDonald's,565455446,31.66,3.48,0,1.58,42.72,ONLINE,2022-09-08,18:38
402982,McDonald's,565888687,35.76,3.93,0,1.79,41.48,CASH,2022-09-09,14:40
402982,McDonald's,565931136,13.49,1.48,4.5,0.67,22.15,ONLINE,2022-09-09,15:50
402982,McDonald's,565931253,18.67,2.05,4.5,0.93,26.15,CARD,2022-09-09,15:50
402982,McDonald's,566004027,42.73,4.7,0,2.14,53.04,ONLINE,2022-09-09,17:40
402982,McDonald's,566013766,26.44,2.91,0,1.32,30.67,CASH,2022-09-09,18:08
402982,McDonald's,566089212,22.13,2.43,4.5,1.11,32.68,ONLINE,2022-09-09,20:02
402982,McDonald's,566093877,35.88,3.95,0,1.79,41.62,ONLINE,2022-09-09,20:07
402982,McDonald's,566104961,20.78,2.29,4.5,1.04,28.61,CASH,2022-09-09,20:27
402982,McDonald's,566115944,9.08,1,4.5,0.45,18.34,ONLINE,2022-09-09,21:08
402982,McDonald's,566362363,20.65,2.27,4.5,1.03,28.45,CARD,2022-09-10,11:17
402982,McDonald's,566476671,11.78,1.3,4.5,0.59,18.17,CASH,2022-09-10,14:08
402982,McDonald's,566500242,6.18,0.68,4.5,0.31,11.67,CASH,2022-09-10,16:25
402982,McDonald's,566511682,19.17,2.11,4.5,0.96,26.74,ONLINE,2022-09-10,15:08
402982,McDonald's,566542272,13.49,1.48,4.5,0.67,22.15,ONLINE,2022-09-10,15:56
402982,McDonald's,566591093,26.07,2.87,0,1.3,32.24,PayPal,2022-09-10,17:06
402982,McDonald's,566593050,41.85,4.6,0,2.09,52.91,PayPal,2022-09-10,17:15
402982,McDonald's,566612386,53.81,5.92,0,2.69,67.88,PayPal,2022-09-10,17:57
402982,McDonald's,566731386,23.52,2.59,4.5,1.18,31.79,CARD,2022-09-10,21:57
402982,McDonald's,566883731,15.44,1.7,4.5,0.77,26.44,PayPal,2022-09-11,10:36
402982,McDonald's,566918907,35.71,3.93,0,1.79,41.43,CARD,2022-09-11,10:43
402982,McDonald's,567048555,53.64,5.9,0,2.68,62.22,CARD,2022-09-11,14:07
402982,McDonald's,567061827,6.38,0.7,4.5,0.32,11.9,CASH,2022-09-11,14:31
402982,McDonald's,567096706,33.76,3.71,0,1.69,39.16,CARD,2022-09-11,15:37
402982,McDonald's,567108662,13.49,1.48,4.5,0.67,22.15,ONLINE,2022-09-11,15:50
402982,McDonald's,567132191,31.67,3.48,0,1.58,36.73,CARD,2022-09-11,16:43
402982,McDonald's,567177511,36.32,4,0,1.82,46.35,ONLINE,2022-09-11,17:59
402982,McDonald's,567185259,29.22,3.21,0,1.46,33.89,CARD,2022-09-11,18:04
402982,McDonald's,567242625,28.58,3.14,0,1.43,33.15,CARD,2022-09-11,20:24
402982,McDonald's,567522496,13.49,1.48,4.5,0.67,22.36,ONLINE,2022-09-12,15:30
402982,McDonald's,567576052,31.63,3.48,0,1.58,40.69,PayPal,2022-09-12,17:50
402982,McDonald's,567586418,13.47,1.48,4.5,0.67,20.12,CARD,2022-09-12,20:02
402982,McDonald's,567947131,13.49,1.48,4.5,0.67,22.15,ONLINE,2022-09-13,16:44
402982,McDonald's,568043273,39.81,4.38,0,1.99,46.18,ONLINE,2022-09-13,21:52
402982,McDonald's,568247283,6.38,0.7,4.5,0.32,13.69,ONLINE,2022-09-14,11:50
402982,McDonald's,568345288,13.89,1.53,4.5,0.69,22.67,ONLINE,2022-09-14,15:30
402982,McDonald's,568648898,45.42,5,0,2.27,52.69,CASH,2022-09-15,19:10
402982,McDonald's,568710853,17.44,1.92,4.5,0.87,24.98,ONLINE,2022-09-15,12:16
402982,McDonald's,568770219,35.05,3.86,0,1.75,40.66,CARD,2022-09-16,12:34
402982,McDonald's,568802554,13.89,1.53,4.5,0.69,22.67,ONLINE,2022-09-15,15:33
402982,McDonald's,568846755,18.37,2.02,4.5,0.92,25.81,CARD,2022-09-15,17:01
402982,McDonald's,568865639,17.37,1.91,4.5,0.87,24.65,CASH,2022-09-15,17:44
402982,McDonald's,568937958,35.98,3.96,0,1.8,41.74,CARD,2022-09-15,20:46
402982,McDonald's,569204757,7.97,0.88,4.5,0.4,15.68,ONLINE,2022-09-16,11:27
402982,McDonald's,569422662,35.94,3.95,0,1.8,41.69,CARD,2022-09-16,17:06
402982,McDonald's,569475822,26.17,2.88,0,1.31,30.36,CARD,2022-09-16,18:21
402982,McDonald's,569478939,42.14,4.64,0,2.11,52.8,PayPal,2022-09-16,18:26
402982,McDonald's,569496929,36.51,4.02,0,1.83,42.36,CARD,2022-09-16,19:01
402982,McDonald's,569502027,44.14,4.86,0,2.21,56.84,ONLINE,2022-09-16,19:05
402982,McDonald's,569502386,11.59,1.27,4.5,0.58,20.09,ONLINE,2022-09-16,18:57
402982,McDonald's,569518997,12.54,1.38,4.5,0.63,19.05,ONLINE,2022-09-16,19:25
402982,McDonald's,569718774,13.98,1.54,4.5,0.7,20.72,CARD,2022-09-17,10:48
402982,McDonald's,569812946,33.75,3.71,0,1.69,39.15,CARD,2022-09-17,11:33
402982,McDonald's,569876837,47.16,5.19,0,2.36,54.71,ONLINE,2022-09-17,12:51
402982,McDonald's,569882977,25.83,2.84,0,1.29,33.46,ONLINE,2022-09-17,13:00
402982,McDonald's,569930473,13.49,1.48,4.5,0.67,20.14,ONLINE,2022-09-17,14:15
402982,McDonald's,570032777,29.47,3.24,0,1.47,34.18,CASH,2022-09-17,16:57
402982,McDonald's,570135823,29.91,3.29,0,1.5,38.17,ONLINE,2022-09-17,19:34
402982,McDonald's,570171222,16.76,1.84,4.5,0.84,23.94,ONLINE,2022-09-17,21:06
402983,Mike's Bar & Grill,552968056,15,1.65,4.5,0.75,21.9,CASH,2022-08-15,14:46
402983,Mike's Bar & Grill,553082555,27,2.97,4.5,1.35,39.4,ONLINE,2022-08-15,19:03
402983,Mike's Bar & Grill,553986649,53,5.83,4.5,2.65,65.98,PayPal,2022-08-17,17:50
402983,Mike's Bar & Grill,554022575,53,5.83,4.5,2.65,77.86,ONLINE,2022-08-17,19:12
402983,Mike's Bar & Grill,554478511,66.5,7.32,4.5,3.33,85.73,Card (G-Pay / via Browser),2022-08-18,17:30
402983,Mike's Bar & Grill,555114602,66,7.26,4.5,3.3,81.06,CASH,2022-08-19,19:48
402983,Mike's Bar & Grill,555186918,44,4.84,4.5,2.2,59.98,Card (G-Pay / via Browser),2022-08-19,20:22
402983,Mike's Bar & Grill,556721000,50,5.5,4.5,2.5,62.5,CARD,2022-08-22,16:38
402983,Mike's Bar & Grill,556775564,76.5,8.42,4.5,3.83,116.56,ONLINE,2022-08-22,18:32
402983,Mike's Bar & Grill,557267270,49.5,5.45,4.5,2.48,66.27,Card (G-Pay / via Browser),2022-08-23,20:50
402983,Mike's Bar & Grill,558024471,48,5.28,4.5,2.4,65.18,ONLINE,2022-08-25,13:17
402983,Mike's Bar & Grill,558796006,57,6.27,4.5,2.85,81.21,ONLINE,2022-08-26,18:32
402983,Mike's Bar & Grill,558796022,43,4.73,4.5,2.15,57.38,PayPal,2022-08-26,18:32
402983,Mike's Bar & Grill,558860801,54.5,6,4.5,2.73,67.73,CARD,2022-08-26,20:57
402983,Mike's Bar & Grill,558879297,47.5,5.23,4.5,2.38,62.59,Card (G-Pay / via Browser),2022-08-26,21:14
402983,Mike's Bar & Grill,560884793,44,4.84,4.5,2.2,55.54,ONLINE,2022-08-30,17:52
402983,Mike's Bar & Grill,561199650,44,4.84,4.5,2.2,60.54,ONLINE,2022-08-31,12:58
402983,Mike's Bar & Grill,562285051,36.5,4.02,4.5,1.83,46.85,CARD,2022-09-02,14:05
402983,Mike's Bar & Grill,563546741,23.5,2.59,4.5,1.18,34.95,ONLINE,2022-09-04,15:19
402983,Mike's Bar & Grill,563618601,26.75,2.94,4.5,1.34,39.08,PayPal,2022-09-04,17:05
402983,Mike's Bar & Grill,564998918,47,5.17,4.5,2.35,59.02,CARD,2022-09-07,18:43
402983,Mike's Bar & Grill,565702429,18,1.98,4.5,0.9,30.38,ONLINE,2022-09-09,11:25
402983,Mike's Bar & Grill,565735790,21,2.31,4.5,1.05,28.86,ONLINE,2022-09-09,10:52
402983,Mike's Bar & Grill,566019894,47,5.17,4.5,2.35,59.02,CARD,2022-09-09,18:37
402983,Mike's Bar & Grill,566366139,11,1.21,4.5,0.55,22.26,ONLINE,2022-09-10,11:09
402983,Mike's Bar & Grill,566573620,108,11.88,4.5,5.4,134.78,ONLINE,2022-09-10,17:23
402983,Mike's Bar & Grill,566685576,17,1.87,4.5,0.85,26.64,ONLINE,2022-09-10,19:31
402983,Mike's Bar & Grill,566713038,43,4.73,4.5,2.15,57.64,Card (G-Pay / via Browser),2022-09-10,20:40
402983,Mike's Bar & Grill,566932100,12,1.32,4.5,0.6,23.42,ONLINE,2022-09-11,10:51
402983,Mike's Bar & Grill,567147067,30,3.3,4.5,1.5,45.2,ONLINE,2022-09-11,17:15
402983,Mike's Bar & Grill,567561074,74,8.14,4.5,3.7,90.34,CARD,2022-09-12,17:09
402983,Mike's Bar & Grill,567584700,35,3.85,4.5,1.75,45.1,CASH,2022-09-12,18:22
402983,Mike's Bar & Grill,568028214,43,4.73,4.5,2.15,58.19,Card (G-Pay / via Browser),2022-09-13,20:28
402983,Mike's Bar & Grill,568850953,101,11.11,4.5,5.05,128.66,ONLINE,2022-09-15,17:46
402983,Mike's Bar & Grill,569282932,16,1.76,4.5,0.8,23.06,ONLINE,2022-09-16,13:11
402983,Mike's Bar & Grill,569324308,35.5,3.91,4.5,1.78,50.69,ONLINE,2022-09-16,14:31
402983,Mike's Bar & Grill,569439690,144,15.84,4.5,7.2,171.54,CARD,2022-09-16,17:29
402983,Mike's Bar & Grill,569526551,39,4.29,4.5,1.95,54.71,ONLINE,2022-09-16,19:54
402983,Mike's Bar & Grill,569547124,35,3.85,4.5,1.75,50.06,Card (G-Pay / via Browser),2022-09-16,20:25
402983,Mike's Bar & Grill,569819538,36,3.96,4.5,1.8,53.2,ONLINE,2022-09-17,11:41
402983,Mike's Bar & Grill,569942256,36,3.96,4.5,1.8,46.26,CARD,2022-09-17,14:37
402983,Mike's Bar & Grill,570053165,41,4.51,4.5,2.05,57.06,PayPal,2022-09-17,17:20
402985,OPA!,552908873,37.95,4.17,0,1.9,50.62,ONLINE,2022-08-15,12:41
402985,OPA!,552914439,35.63,3.92,0,1.78,45.83,ONLINE,2022-08-15,12:54
402985,OPA!,553358503,64.23,7.07,0,3.21,74.51,CARD,2022-08-16,12:34
402985,OPA!,553365842,60.49,6.65,0,3.02,70.16,CARD,2022-08-16,12:46
402985,OPA!,553369581,34.09,3.75,0,1.7,39.54,ONLINE,2022-08-16,12:52
402985,OPA!,553380739,9.65,1.06,4.5,0.48,15.69,CASH,2022-08-16,13:10
402985,OPA!,553420220,30.13,3.31,0,1.51,40.89,ONLINE,2022-08-16,14:38
402985,OPA!,553483823,27.38,3.01,4.5,1.37,41.34,ONLINE,2022-08-16,17:00
402985,OPA!,553523816,38.78,4.27,0,1.94,49.49,ONLINE,2022-08-16,18:23
402985,OPA!,554011826,30.98,3.41,0,1.55,40.94,PayPal,2022-08-17,18:33
402985,OPA!,554321253,27.38,3.01,4.5,1.37,38.26,ONLINE,2022-08-18,12:12
402985,OPA!,554332978,21.68,2.38,4.5,1.08,31.12,ONLINE,2022-08-18,12:58
402985,OPA!,554527766,35.74,3.93,0,1.79,41.46,CASH,2022-08-18,18:59
402985,OPA!,555028671,21.23,2.34,4.5,1.06,32.04,ONLINE,2022-08-19,16:12
402985,OPA!,555822833,15.45,1.7,4.5,0.77,22.42,CASH,2022-08-20,20:43
402985,OPA!,557653144,21.4,2.35,4.5,1.07,29.32,CARD,2022-08-24,17:16
402985,OPA!,557685704,57,6.27,0,2.85,72.73,ONLINE,2022-08-24,18:31
402985,OPA!,557696417,36.39,4,0,1.82,46.43,ONLINE,2022-08-24,18:51
402985,OPA!,558196660,17.64,1.94,4.5,0.88,24.96,CARD,2022-08-25,18:55
402985,OPA!,558210288,17.25,1.9,4.5,0.86,24.51,CARD,2022-08-25,19:24
402985,OPA!,558563622,14.59,1.6,4.5,0.73,24.85,ONLINE,2022-08-26,12:36
402985,OPA!,558639876,14.78,1.63,4.5,0.74,21.65,ONLINE,2022-08-26,14:46
402985,OPA!,558771714,31.69,3.49,0,1.58,38.76,ONLINE,2022-08-26,17:57
402985,OPA!,558839664,32.88,3.62,0,1.64,41.95,ONLINE,2022-08-26,19:39
402985,OPA!,560716038,36.52,4.02,0,1.83,42.37,CARD,2022-08-30,11:57
402985,OPA!,561333256,31.98,3.52,0,1.6,37.1,CARD,2022-08-31,17:21
402985,OPA!,561370973,21.68,2.38,4.5,1.08,29.64,CARD,2022-08-31,18:39
402985,OPA!,562435863,72.27,7.95,0,3.61,88.83,ONLINE,2022-09-02,17:55
402985,OPA!,562479296,36.11,3.97,0,1.81,45.66,ONLINE,2022-09-02,18:41
402985,OPA!,563107487,45.28,4.98,0,2.26,57.77,ONLINE,2022-09-03,18:58
402985,OPA!,563604753,39.74,4.37,0,1.99,46.1,CARD,2022-09-04,16:22
402985,OPA!,563972462,33.43,3.68,0,1.67,38.78,CARD,2022-09-05,13:02
402985,OPA!,564421563,27.18,2.99,4.5,1.36,36.03,CARD,2022-09-06,13:21
402985,OPA!,564550702,84.38,9.28,0,4.22,112.56,PayPal,2022-09-06,18:29
402985,OPA!,564557906,34.93,3.84,0,1.75,44.57,ONLINE,2022-09-06,18:47
402985,OPA!,564803532,21.55,2.37,4.5,1.08,29.5,CARD,2022-09-07,11:24
402985,OPA!,564810164,40.79,4.49,0,2.04,47.32,CARD,2022-09-07,11:50
402985,OPA!,564992838,42.86,4.71,0,2.14,56.17,ONLINE,2022-09-07,18:33
402985,OPA!,565012846,32.05,3.53,0,1.6,37.18,CARD,2022-09-07,19:10
402985,OPA!,565457643,30.13,3.31,0,1.51,34.95,CARD,2022-09-08,18:40
402985,OPA!,566366192,99.61,10.96,0,4.98,115.55,CASH,2022-09-10,11:41
402985,OPA!,566427588,14.19,1.56,4.5,0.71,20.96,ONLINE,2022-09-10,12:51
402985,OPA!,566492830,17.25,1.9,4.5,0.86,27.21,ONLINE,2022-09-10,14:34
402985,OPA!,566612437,48.01,5.28,0,2.4,55.69,CASH,2022-09-10,17:40
402985,OPA!,567045163,31.04,3.41,0,1.55,41.4,PayPal,2022-09-11,13:52
402985,OPA!,567126879,34.48,3.79,0,1.72,43.99,ONLINE,2022-09-11,16:19
402985,OPA!,567152299,15.35,1.69,4.5,0.77,22.31,ONLINE,2022-09-11,17:00
402985,OPA!,567169121,17.99,1.98,4.5,0.9,25.37,ONLINE,2022-09-11,17:23
402985,OPA!,567171933,52.2,5.74,0,2.61,69.63,ONLINE,2022-09-11,17:32
402985,OPA!,567573020,69.38,7.63,0,3.47,88.53,ONLINE,2022-09-12,17:44
402985,OPA!,567594360,26.3,2.89,4.5,1.32,35.01,ONLINE,2022-09-12,18:41
402985,OPA!,567612044,33.3,3.66,0,1.67,40.56,ONLINE,2022-09-12,19:39
402985,OPA!,568441238,34.99,3.85,0,1.75,40.59,CASH,2022-09-14,19:11
402985,OPA!,568741572,24.49,2.69,4.5,1.22,37.51,ONLINE,2022-09-15,13:12
402985,OPA!,569409748,29.84,3.28,4.5,1.49,43.02,PayPal,2022-09-16,17:44
402985,OPA!,569463386,79.95,8.79,0,4,97.74,PayPal,2022-09-16,17:58
402985,OPA!,569513364,19.94,2.19,4.5,1,27.63,CARD,2022-09-16,19:25
402985,OPA!,569818711,17.15,1.89,4.5,0.86,29.4,ONLINE,2022-09-17,11:35
402986,Original Joe's Strathmore,552672732,49.75,5.47,0,2.49,57.71,CARD,2022-08-14,21:22
402986,Original Joe's Strathmore,554027658,45.5,5.01,0,2.28,52.79,CARD,2022-08-17,19:05
402986,Original Joe's Strathmore,555079328,63.75,7.01,0,3.19,73.95,PayPal,2022-08-19,17:34
402986,Original Joe's Strathmore,555099286,45.5,5.01,0,2.28,52.79,ONLINE,2022-08-19,17:52
402986,Original Joe's Strathmore,555161783,47.25,5.2,0,2.36,58.65,ONLINE,2022-08-20,18:24
402986,Original Joe's Strathmore,555708649,20,2.2,4.5,1,27.7,CARD,2022-08-20,17:23
402986,Original Joe's Strathmore,556394902,17.25,1.9,4.5,0.86,24.51,CARD,2022-08-21,20:51
402986,Original Joe's Strathmore,556398871,20.75,2.28,4.5,1.04,28.57,PayPal,2022-08-21,21:43
402986,Original Joe's Strathmore,556759135,56.5,6.22,0,2.83,65.55,CARD,2022-08-22,17:53
402986,Original Joe's Strathmore,556802836,45.25,4.98,0,2.26,52.49,CASH,2022-08-22,19:55
402986,Original Joe's Strathmore,556814755,28.75,3.16,4.5,1.44,42.01,ONLINE,2022-08-22,20:33
402986,Original Joe's Strathmore,556825847,21.25,2.34,4.5,1.06,34.69,ONLINE,2022-08-22,21:25
402986,Original Joe's Strathmore,557643040,30,3.3,4.5,1.5,39.3,CARD,2022-08-24,16:48
402986,Original Joe's Strathmore,557688637,110.5,12.16,0,5.53,141.01,ONLINE,2022-08-24,18:29
402986,Original Joe's Strathmore,557700079,40,4.4,0,2,46.4,CARD,2022-08-24,19:16
402986,Original Joe's Strathmore,557735574,47.5,5.23,0,2.38,63.38,ONLINE,2022-08-24,20:50
402986,Original Joe's Strathmore,557995425,44.75,4.92,0,2.24,56.06,ONLINE,2022-08-25,12:31
402986,Original Joe's Strathmore,558208603,48,5.28,0,2.4,55.68,CARD,2022-08-25,19:18
402986,Original Joe's Strathmore,558223792,20.75,2.28,4.5,1.04,28.57,CARD,2022-08-25,20:01
402986,Original Joe's Strathmore,558236740,41.5,4.57,0,2.08,48.15,CARD,2022-08-25,20:48
402986,Original Joe's Strathmore,558778378,44.5,4.9,0,2.23,51.63,CARD,2022-08-26,17:46
402986,Original Joe's Strathmore,558874522,37.5,4.13,0,1.88,43.51,CARD,2022-08-26,21:09
402986,Original Joe's Strathmore,559354153,47.75,5.25,0,2.39,55.39,CASH,2022-08-27,17:11
402986,Original Joe's Strathmore,559490661,21,2.31,4.5,1.05,32.32,ONLINE,2022-08-27,20:20
402986,Original Joe's Strathmore,559960112,72.5,7.98,0,3.63,84.11,ONLINE,2022-08-28,17:11
402986,Original Joe's Strathmore,559982919,56.5,6.22,0,2.83,72.11,PayPal,2022-08-28,18:08
402986,Original Joe's Strathmore,560035654,43.5,4.79,0,2.18,59.55,ONLINE,2022-08-28,19:31
402986,Original Joe's Strathmore,560041177,25.75,2.83,4.5,1.29,34.37,CARD,2022-08-28,19:37
402986,Original Joe's Strathmore,560050125,42.25,4.65,0,2.11,49.01,CARD,2022-08-28,20:07
402986,Original Joe's Strathmore,560057428,21.5,2.37,4.5,1.08,34.46,ONLINE,2022-08-28,20:21
402986,Original Joe's Strathmore,560387931,43.25,4.76,0,2.16,57.7,ONLINE,2022-08-29,16:03
402986,Original Joe's Strathmore,560469262,21.25,2.34,4.5,1.06,32.15,ONLINE,2022-08-29,19:25
402986,Original Joe's Strathmore,561641560,67,7.37,0,3.35,77.72,CARD,2022-09-01,11:44
402986,Original Joe's Strathmore,561700462,40,4.4,0,2,46.4,CARD,2022-09-01,13:21
402986,Original Joe's Strathmore,561702429,41.25,4.54,0,2.06,54.85,ONLINE,2022-09-01,13:25
402986,Original Joe's Strathmore,561722376,20,2.2,4.5,1,27.7,CARD,2022-09-01,13:58
402986,Original Joe's Strathmore,561822162,50.5,5.56,0,2.53,58.59,CARD,2022-09-01,17:31
402986,Original Joe's Strathmore,561827161,54.25,5.97,0,2.71,74.26,ONLINE,2022-09-01,17:26
402986,Original Joe's Strathmore,561905911,31.25,3.44,4.5,1.56,40.75,CARD,2022-09-01,20:38
402986,Original Joe's Strathmore,561918810,92,10.12,0,4.6,106.72,CARD,2022-09-01,21:43
402986,Original Joe's Strathmore,562409151,35.75,3.93,0,1.79,41.47,CASH,2022-09-02,16:59
402986,Original Joe's Strathmore,562527576,38.25,4.21,0,1.91,44.37,ONLINE,2022-09-02,20:06
402986,Original Joe's Strathmore,563124254,32.25,3.55,4.5,1.61,41.91,CARD,2022-09-03,19:45
402986,Original Joe's Strathmore,563146389,28.75,3.16,4.5,1.44,37.85,ONLINE,2022-09-03,20:28
402986,Original Joe's Strathmore,563654388,64.25,7.07,0,3.21,81.98,ONLINE,2022-09-04,17:58
402986,Original Joe's Strathmore,563729878,74,8.14,0,3.7,96.14,ONLINE,2022-09-04,20:41
402986,Original Joe's Strathmore,563744031,41.25,4.54,0,2.06,54.55,ONLINE,2022-09-04,21:21
402986,Original Joe's Strathmore,564114814,21.25,2.34,4.5,1.06,34.65,ONLINE,2022-09-05,17:38
402986,Original Joe's Strathmore,564596118,28.75,3.16,4.5,1.44,37.85,ONLINE,2022-09-06,20:25
402986,Original Joe's Strathmore,564812044,39,4.29,0,1.95,48.24,ONLINE,2022-09-07,11:55
402986,Original Joe's Strathmore,564887215,41.5,4.57,0,2.08,48.15,PayPal,2022-09-07,14:50
402986,Original Joe's Strathmore,564960097,47.25,5.2,0,2.36,54.81,CARD,2022-09-07,17:26
402986,Original Joe's Strathmore,565037659,27.75,3.05,4.5,1.39,42.19,ONLINE,2022-09-07,20:35
402986,Original Joe's Strathmore,566024645,33,3.63,4.5,1.65,47.06,ONLINE,2022-09-09,18:37
402986,Original Joe's Strathmore,566040758,22.5,2.48,4.5,1.13,30.61,ONLINE,2022-09-09,18:27
402986,Original Joe's Strathmore,566070488,22.25,2.45,4.5,1.11,34.55,ONLINE,2022-09-09,19:26
402986,Original Joe's Strathmore,566595530,7.5,0.83,4.5,0.38,15.32,ONLINE,2022-09-10,17:40
402986,Original Joe's Strathmore,566693629,64.5,7.1,0,3.23,78.57,ONLINE,2022-09-10,19:48
402986,Original Joe's Strathmore,567025153,31.25,3.44,4.5,1.56,48.9,ONLINE,2022-09-11,13:25
402986,Original Joe's Strathmore,567149816,55.25,6.08,0,2.76,64.09,CARD,2022-09-11,17:07
402986,Original Joe's Strathmore,567968470,73.25,8.06,0,3.66,87.97,PayPal,2022-09-13,17:41
402986,Original Joe's Strathmore,568038403,20.75,2.28,4.5,1.04,28.57,CARD,2022-09-13,21:12
402986,Original Joe's Strathmore,568466866,28.75,3.16,4.5,1.44,43.15,ONLINE,2022-09-14,20:38
402986,Original Joe's Strathmore,568938308,45,4.95,0,2.25,52.2,CARD,2022-09-15,21:28
402986,Original Joe's Strathmore,568946265,71.75,7.89,0,3.59,83.23,CARD,2022-09-15,21:21
402986,Original Joe's Strathmore,569081023,22.75,2.5,4.5,1.14,33.98,ONLINE,2022-09-16,11:42
402986,Original Joe's Strathmore,569237524,78.5,8.64,0,3.93,103.07,ONLINE,2022-09-16,12:14
402986,Original Joe's Strathmore,569382134,46,5.06,0,2.3,53.36,CARD,2022-09-16,16:06
402986,Original Joe's Strathmore,569412617,42,4.62,0,2.1,48.72,ONLINE,2022-09-16,16:59
402986,Original Joe's Strathmore,569452144,65.25,7.18,0,3.26,83.39,ONLINE,2022-09-16,17:48
402986,Original Joe's Strathmore,569459075,112.25,12.35,0,5.61,149.74,PayPal,2022-09-16,18:02
402986,Original Joe's Strathmore,569562789,43,4.73,0,2.15,55.37,ONLINE,2022-09-16,21:35
402986,Original Joe's Strathmore,570074334,13.25,1.46,4.5,0.66,22.85,ONLINE,2022-09-17,17:52
402986,Original Joe's Strathmore,570076989,52.25,5.75,0,2.61,62.61,PayPal,2022-09-17,17:52
402986,Original Joe's Strathmore,570113903,94,10.34,0,4.7,121.03,ONLINE,2022-09-17,18:55
402986,Original Joe's Strathmore,570118581,17.25,1.9,4.5,0.86,24.51,CARD,2022-09-17,18:58
402987,Papa John's,552548183,55.5,6.11,0,2.78,64.39,CARD,2022-08-14,17:04
402987,Papa John's,552664103,35.63,3.92,0,1.78,47.53,ONLINE,2022-08-14,20:52
402987,Papa John's,554575078,37.54,4.13,0,1.88,47.91,PayPal,2022-08-18,21:23
402987,Papa John's,554844126,37.5,4.13,0,1.88,43.51,CARD,2022-08-19,11:45
402987,Papa John's,555065577,40.5,4.46,0,2.03,54.04,ONLINE,2022-08-19,17:18
402987,Papa John's,555562169,36,3.96,0,1.8,46.76,ONLINE,2022-08-20,13:59
402987,Papa John's,555737156,58,6.38,0,2.9,74.01,ONLINE,2022-08-20,18:20
402987,Papa John's,556315529,65.68,7.22,0,3.28,76.18,CARD,2022-08-21,17:54
402987,Papa John's,558180656,44.5,4.9,0,2.23,59.37,ONLINE,2022-08-25,18:21
402987,Papa John's,558237995,31.5,3.47,4.5,1.58,41.05,CARD,2022-08-25,20:56
402987,Papa John's,558861108,44.5,4.9,0,2.23,56.79,ONLINE,2022-08-26,20:21
402987,Papa John's,560032135,45.5,5.01,0,2.28,60.71,ONLINE,2022-08-28,19:12
402987,Papa John's,561642756,70.5,7.76,0,3.53,89.97,PayPal,2022-09-01,11:39
402987,Papa John's,562532496,14.5,1.6,4.5,0.73,26.33,PayPal,2022-09-02,20:44
402987,Papa John's,562538871,35.54,3.91,0,1.78,43.7,ONLINE,2022-09-02,21:00
402987,Papa John's,563707539,42,4.62,0,2.1,58.95,ONLINE,2022-09-04,19:23
402987,Papa John's,564082671,73,8.03,0,3.65,84.68,CARD,2022-09-05,16:38
402987,Papa John's,565325645,38.54,4.24,0,1.93,44.71,ONLINE,2022-09-08,13:44
402987,Papa John's,566094711,64,7.04,0,3.2,77.24,ONLINE,2022-09-09,20:14
402987,Papa John's,566403119,22.5,2.48,4.5,1.13,33.67,ONLINE,2022-09-10,12:21
402987,Papa John's,567207910,53.5,5.89,0,2.68,71.38,ONLINE,2022-09-11,18:52
402987,Papa John's,568885614,48,5.28,0,2.4,60.69,PayPal,2022-09-15,18:20
402987,Papa John's,569995696,62,6.82,0,3.1,79.11,ONLINE,2022-09-17,17:55
402990,Pho Minh,552566925,39.5,4.35,0,1.98,52.7,ONLINE,2022-08-14,17:25
402990,Pho Minh,552575319,41.75,4.59,0,2.09,51.44,ONLINE,2022-08-14,17:41
402990,Pho Minh,552601546,52.55,5.78,0,2.63,64.01,ONLINE,2022-08-14,18:23
402990,Pho Minh,552623101,16.5,1.82,4.5,0.83,26.49,ONLINE,2022-08-14,18:59
402990,Pho Minh,553327007,40,4.4,0,2,48.4,ONLINE,2022-08-16,11:44
402990,Pho Minh,553431303,21.95,2.41,4.5,1.1,29.96,CARD,2022-08-16,15:05
402990,Pho Minh,553460849,44.35,4.88,0,2.22,51.45,CARD,2022-08-16,16:16
402990,Pho Minh,553500761,44.45,4.89,0,2.22,54.14,ONLINE,2022-08-16,17:33
402990,Pho Minh,553536267,12.95,1.42,4.5,0.65,26.94,ONLINE,2022-08-16,19:16
402990,Pho Minh,553809826,46.7,5.14,0,2.34,54.18,CARD,2022-08-17,12:07
402990,Pho Minh,553810289,13.95,1.53,4.5,0.7,23.16,ONLINE,2022-08-17,12:07
402990,Pho Minh,553944458,61.4,6.75,0,3.07,71.22,ONLINE,2022-08-17,16:30
402990,Pho Minh,554510372,16.45,1.81,4.5,0.82,25.94,ONLINE,2022-08-18,18:27
402990,Pho Minh,554956135,23.95,2.63,4.5,1.2,35.51,ONLINE,2022-08-19,14:43
402990,Pho Minh,555026638,42.15,4.64,0,2.11,53.9,ONLINE,2022-08-19,16:22
402990,Pho Minh,555086456,17.5,1.93,4.5,0.88,28.04,ONLINE,2022-08-19,17:33
402990,Pho Minh,555136568,15.5,1.71,4.5,0.78,22.49,CARD,2022-08-19,18:52
402990,Pho Minh,555169058,14.5,1.6,4.5,0.73,21.33,ONLINE,2022-08-19,19:41
402990,Pho Minh,555705933,17.5,1.93,4.5,0.88,27.29,ONLINE,2022-08-20,17:24
402990,Pho Minh,555734766,26.9,2.96,4.5,1.35,35.71,CARD,2022-08-20,18:05
402990,Pho Minh,556256031,38.95,4.28,0,1.95,50.18,ONLINE,2022-08-21,16:27
402990,Pho Minh,556783904,36.2,3.98,0,1.81,47.87,ONLINE,2022-08-23,19:08
402990,Pho Minh,557026431,20.95,2.3,4.5,1.05,31.68,PayPal,2022-08-23,11:40
402990,Pho Minh,557061252,20.95,2.3,4.5,1.05,32.8,ONLINE,2022-08-23,12:42
402990,Pho Minh,557066889,24.95,2.74,4.5,1.25,36.44,ONLINE,2022-08-23,12:55
402990,Pho Minh,557113332,24.4,2.68,4.5,1.22,32.8,ONLINE,2022-08-23,14:41
402990,Pho Minh,557146604,21.95,2.41,4.5,1.1,29.96,CARD,2022-08-23,15:58
402990,Pho Minh,557613276,28.7,3.16,4.5,1.44,39.69,PayPal,2022-08-24,16:09
402990,Pho Minh,557694992,47.45,5.22,0,2.37,60.04,ONLINE,2022-08-24,19:17
402990,Pho Minh,557704341,18.5,2.04,4.5,0.93,28.57,ONLINE,2022-08-24,19:54
402990,Pho Minh,558678858,31.9,3.51,4.5,1.6,45.66,ONLINE,2022-08-26,15:59
402990,Pho Minh,558809669,62.7,6.9,0,3.14,72.74,CARD,2022-08-26,18:45
402990,Pho Minh,558811504,60.9,6.7,0,3.05,76.3,PayPal,2022-08-26,18:55
402990,Pho Minh,559234976,38.95,4.28,0,1.95,45.18,CARD,2022-08-27,13:50
402990,Pho Minh,559432000,16,1.76,4.5,0.8,28.13,ONLINE,2022-08-27,18:41
402990,Pho Minh,560887077,15.5,1.71,4.5,0.78,22.49,CASH,2022-08-30,18:55
402990,Pho Minh,560906975,16.5,1.82,4.5,0.83,26.25,ONLINE,2022-08-30,18:55
402990,Pho Minh,560907020,30.45,3.35,4.5,1.52,39.82,CARD,2022-08-30,19:08
402990,Pho Minh,561200514,31,3.41,4.5,1.55,45.32,ONLINE,2022-08-31,12:59
402990,Pho Minh,561207164,26.45,2.91,4.5,1.32,35.18,CASH,2022-08-31,13:09
402990,Pho Minh,561327357,53,5.83,0,2.65,66.48,ONLINE,2022-08-31,17:20
402990,Pho Minh,561380040,14.5,1.6,4.5,0.73,21.33,CARD,2022-08-31,19:06
402990,Pho Minh,561692416,23,2.53,4.5,1.15,32.74,ONLINE,2022-09-01,13:05
402990,Pho Minh,561836203,33.85,3.72,4.5,1.69,43.76,ONLINE,2022-09-01,18:00
402990,Pho Minh,561866062,32.45,3.57,4.5,1.62,42.14,CARD,2022-09-01,19:01
402990,Pho Minh,561866164,29,3.19,4.5,1.45,44.62,ONLINE,2022-09-01,19:07
402990,Pho Minh,561883194,77.85,8.56,4.5,3.89,104.28,PayPal,2022-09-01,19:45
402990,Pho Minh,562396348,54.5,6,4.5,2.73,67.73,CARD,2022-09-02,17:08
402990,Pho Minh,562475774,33.4,3.67,4.5,1.67,49.73,Card (G-Pay / via Browser),2022-09-02,18:53
402990,Pho Minh,562516643,40.95,4.5,4.5,2.05,57.2,ONLINE,2022-09-02,20:05
402990,Pho Minh,562803634,27,2.97,4.5,1.35,35.82,CARD,2022-09-03,11:31
402990,Pho Minh,562935741,27.4,3.01,4.5,1.37,36.28,CARD,2022-09-03,14:37
402990,Pho Minh,562988169,21.45,2.36,4.5,1.07,34.08,ONLINE,2022-09-03,16:13
402990,Pho Minh,563002164,31.5,3.47,4.5,1.58,47.21,ONLINE,2022-09-03,16:32
402990,Pho Minh,563409407,29.45,3.24,4.5,1.47,46.01,ONLINE,2022-09-04,13:26
402990,Pho Minh,563419246,21.4,2.35,4.5,1.07,32.25,ONLINE,2022-09-04,11:42
402990,Pho Minh,563600000,50,5.5,4.5,2.5,67.5,ONLINE,2022-09-04,16:27
402990,Pho Minh,563690087,23,2.53,4.5,1.15,31.18,CARD,2022-09-04,19:03
402990,Pho Minh,564008508,28.5,3.14,4.5,1.43,42.45,ONLINE,2022-09-05,19:00
402990,Pho Minh,564141950,28,3.08,4.5,1.4,36.98,CARD,2022-09-05,18:43
402990,Pho Minh,564155833,32.9,3.62,4.5,1.65,50.35,ONLINE,2022-09-05,19:24
402990,Pho Minh,564167999,49.9,5.49,4.5,2.5,62.39,ONLINE,2022-09-05,19:58
402990,Pho Minh,564383413,15.5,1.71,4.5,0.78,24.74,ONLINE,2022-09-06,11:47
402990,Pho Minh,564543743,43.7,4.81,0,2.19,55.77,ONLINE,2022-09-06,18:16
402990,Pho Minh,564581336,56.45,6.21,0,2.82,72.48,ONLINE,2022-09-06,19:50
402990,Pho Minh,564901717,27.4,3.01,4.5,1.37,36.28,CARD,2022-09-07,15:21
402990,Pho Minh,565024274,13.5,1.49,4.5,0.68,22.19,ONLINE,2022-09-07,19:47
402990,Pho Minh,565276915,53.85,5.92,0,2.69,67.46,ONLINE,2022-09-08,12:12
402990,Pho Minh,565366149,18.45,2.03,4.5,0.92,28.49,ONLINE,2022-09-08,15:26
402990,Pho Minh,565456941,30.5,3.36,4.5,1.53,45.87,PayPal,2022-09-08,18:36
402990,Pho Minh,565942305,32,3.52,4.5,1.6,46.62,ONLINE,2022-09-09,16:07
402990,Pho Minh,566426529,43.45,4.78,0,2.17,57.46,Card (G-Pay / via Browser),2022-09-10,12:48
402990,Pho Minh,566660020,38.95,4.28,0,1.95,48.18,ONLINE,2022-09-10,18:58
402990,Pho Minh,567061890,24.45,2.69,4.5,1.22,32.86,CARD,2022-09-11,14:30
402990,Pho Minh,567080192,23,2.53,4.5,1.15,31.18,CARD,2022-09-11,15:08
402990,Pho Minh,567128736,37,4.07,0,1.85,42.92,ONLINE,2022-09-11,16:20
402990,Pho Minh,567147784,48,5.28,0,2.4,64.03,ONLINE,2022-09-11,17:08
402990,Pho Minh,567505874,26.9,2.96,4.5,1.35,39.28,PayPal,2022-09-13,11:33
402990,Pho Minh,567981525,26,2.86,4.5,1.3,41.59,ONLINE,2022-09-13,18:01
402990,Pho Minh,567996426,21.45,2.36,4.5,1.07,32.32,ONLINE,2022-09-13,18:41
402990,Pho Minh,568006745,59,6.49,0,2.95,78.71,ONLINE,2022-09-13,19:19
402990,Pho Minh,568246109,54.5,6,0,2.73,67.23,ONLINE,2022-09-14,11:53
402990,Pho Minh,568261108,42.95,4.72,0,2.15,57.29,ONLINE,2022-09-14,12:18
402990,Pho Minh,568862322,37,4.07,0,1.85,42.92,CARD,2022-09-15,17:36
402990,Pho Minh,568902209,65.5,7.21,0,3.28,75.99,ONLINE,2022-09-15,19:10
402990,Pho Minh,568904550,55.8,6.14,0,2.79,69.73,ONLINE,2022-09-15,19:25
402990,Pho Minh,568905656,22.4,2.46,4.5,1.12,30.48,CARD,2022-09-15,19:11
402990,Pho Minh,568914625,39.4,4.33,0,1.97,53.93,ONLINE,2022-09-15,19:42
402990,Pho Minh,569441014,48.95,5.38,0,2.45,56.78,PayPal,2022-09-16,17:33
402990,Pho Minh,569446538,31,3.41,4.5,1.55,46.53,PayPal,2022-09-16,17:35
402990,Pho Minh,569453227,44.9,4.94,0,2.25,57.3,ONLINE,2022-09-16,18:43
402990,Pho Minh,569469735,23,2.53,4.5,1.15,31.18,CARD,2022-09-16,18:09
402990,Pho Minh,569478633,37.5,4.13,0,1.88,49.6,ONLINE,2022-09-16,18:27
402990,Pho Minh,569504169,25.95,2.85,4.5,1.3,34.6,CASH,2022-09-16,19:10
402992,Pizza 249,559281078,46.65,5.13,0,2.33,56.27,ONLINE,2022-08-27,15:36
402992,Pizza 249,565505048,53.85,5.92,0,2.69,62.46,CARD,2022-09-08,21:09
402992,Pizza 249,567208270,37.95,4.17,0,1.9,44.02,CARD,2022-09-11,19:11
402993,Quesada,554513949,32.52,3.58,0,1.63,41.88,ONLINE,2022-08-18,18:49
402993,Quesada,555254749,11.54,1.27,4.5,0.58,17.89,CARD,2022-08-20,16:59
402993,Quesada,555685524,11.43,1.26,4.5,0.57,20.42,ONLINE,2022-08-20,16:56
402993,Quesada,557077258,10.99,1.21,4.5,0.55,22.25,ONLINE,2022-08-23,13:10
402993,Quesada,557266892,34.15,3.76,0,1.71,39.62,CASH,2022-08-23,20:53
402993,Quesada,557698606,13.63,1.5,4.5,0.68,23.31,ONLINE,2022-08-24,18:54
402993,Quesada,559214485,9.89,1.09,4.5,0.49,20.97,ONLINE,2022-08-27,13:15
402993,Quesada,559394471,26.7,2.94,0,1.34,35.98,ONLINE,2022-08-27,17:48
402993,Quesada,561174502,11.43,1.26,4.5,0.57,20.42,ONLINE,2022-08-31,11:53
402993,Quesada,561339439,33.19,3.65,0,1.66,38.5,CARD,2022-08-31,17:39
402993,Quesada,561388482,14.16,1.56,4.5,0.71,21.98,ONLINE,2022-08-31,19:28
402993,Quesada,562425639,31.53,3.47,0,1.58,42.07,ONLINE,2022-09-02,17:41
402993,Quesada,564825129,27.74,3.05,0,1.39,35.4,PayPal,2022-09-07,12:19
402993,Quesada,564844492,25.36,2.79,0,1.27,29.42,CARD,2022-09-07,12:57
402993,Quesada,566592642,35.85,3.94,0,1.79,41.58,CARD,2022-09-10,17:15
402993,Quesada,566640749,29.05,3.2,0,1.45,33.7,CARD,2022-09-10,18:32
402993,Quesada,567545162,22.04,2.42,4.5,1.1,34.57,Card (G-Pay / via Browser),2022-09-12,16:36
402993,Quesada,567872426,12.38,1.36,4.5,0.62,23.95,ONLINE,2022-09-13,15:48
402993,Quesada,568380088,30.06,3.31,0,1.5,37.87,ONLINE,2022-09-14,20:39
402993,Quesada,568890366,21.66,2.38,4.5,1.08,29.62,ONLINE,2022-09-15,18:24
402993,Quesada,568925213,32.87,3.62,0,1.64,43.85,ONLINE,2022-09-15,20:04
402993,Quesada,569545876,102.7,11.3,0,5.14,119.14,ONLINE,2022-09-16,20:26
402993,Quesada,569876419,31.44,3.46,0,1.57,36.47,CARD,2022-09-17,12:57
402993,Quesada,570100318,17.99,1.98,4.5,0.9,25.37,CASH,2022-09-17,18:33
402994,Saffron Bistro,554536204,22.4,2.46,7,1.12,35.62,ONLINE,2022-08-18,19:13
402994,Saffron Bistro,556341976,53.15,5.85,7,2.66,74.15,ONLINE,2022-08-21,18:41
402994,Saffron Bistro,559372186,36.45,4.01,7,1.82,55.28,PayPal,2022-08-27,17:22
402994,Saffron Bistro,559381317,29.2,3.21,7,1.46,45.87,PayPal,2022-08-27,17:40
402994,Saffron Bistro,561794568,58.85,6.47,7,2.94,75.26,CASH,2022-09-01,16:39
402994,Saffron Bistro,562487443,39.9,4.39,7,2,59.15,ONLINE,2022-09-02,19:12
402994,Saffron Bistro,563131395,55.35,6.09,7,2.77,81.89,ONLINE,2022-09-03,19:49
402994,Saffron Bistro,563641478,22.95,2.52,7,1.15,37.62,ONLINE,2022-09-04,17:42
402994,Saffron Bistro,564107519,25.4,2.79,7,1.27,39.74,ONLINE,2022-09-05,17:20
402994,Saffron Bistro,565006770,23.4,2.57,7,1.17,36.87,ONLINE,2022-09-07,19:00
402994,Saffron Bistro,565469763,33.9,3.73,7,1.7,50.96,ONLINE,2022-09-08,19:18
402994,Saffron Bistro,565476372,59.4,6.53,7,2.97,81.21,ONLINE,2022-09-08,19:54
402994,Saffron Bistro,565496639,81.9,9.01,7,4.1,102.01,CARD,2022-09-08,20:27
402994,Saffron Bistro,566039324,42.9,4.72,7,2.15,68.12,ONLINE,2022-09-09,18:30
402994,Saffron Bistro,566039528,28.4,3.12,7,1.42,39.94,ONLINE,2022-09-09,18:31
402994,Saffron Bistro,566086050,76.85,8.45,7,3.84,96.14,CARD,2022-09-09,20:43
402994,Saffron Bistro,567222969,22.4,2.46,7,1.12,35.29,ONLINE,2022-09-11,19:16
402994,Saffron Bistro,567921745,38.9,4.28,7,1.95,57.34,ONLINE,2022-09-13,15:56
402994,Saffron Bistro,567984325,24.4,2.68,7,1.22,35.3,CARD,2022-09-13,18:13
402994,Saffron Bistro,567988853,52.8,5.81,7,2.64,75.76,ONLINE,2022-09-13,18:25
402994,Saffron Bistro,569487299,22.4,2.46,7,1.12,35.29,ONLINE,2022-09-16,18:24
402995,Smiley's,552318222,33.85,3.72,7,1.69,46.26,CARD,2022-08-14,11:02
402995,Smiley's,552641277,31,3.41,7,1.55,42.96,CARD,2022-08-14,19:36
402995,Smiley's,553550887,66.9,7.36,7,3.35,84.61,CARD,2022-08-16,19:40
402995,Smiley's,554013988,71.75,7.89,7,3.59,90.23,CASH,2022-08-17,18:47
402995,Smiley's,554549849,48.8,5.37,7,2.44,73.15,Card (G-Pay / via Browser),2022-08-18,20:07
402995,Smiley's,554555574,10.95,1.2,7,0.55,19.7,CASH,2022-08-18,20:11
402995,Smiley's,555011969,36.5,4.02,7,1.83,49.35,CARD,2022-08-19,16:32
402995,Smiley's,555162528,32.9,3.62,7,1.65,47.43,ONLINE,2022-08-19,19:31
402995,Smiley's,555177469,26,2.86,7,1.3,42.73,ONLINE,2022-08-19,19:54
402995,Smiley's,556078570,58.9,6.48,7,2.95,75.33,CARD,2022-08-21,12:03
402995,Smiley's,556767244,41.3,4.54,7,2.07,59.3,PayPal,2022-08-22,18:15
402995,Smiley's,557233371,45.95,5.05,7,2.3,65.3,ONLINE,2022-08-23,19:31
402995,Smiley's,557252161,38,4.18,7,1.9,51.08,CARD,2022-08-23,20:13
402995,Smiley's,558034882,54.95,6.04,7,2.75,81.35,Card (G-Pay / via Browser),2022-08-25,13:30
402995,Smiley's,558087814,33.9,3.73,7,1.7,48.65,ONLINE,2022-08-25,15:33
402995,Smiley's,558811642,45,4.95,7,2.25,68.08,ONLINE,2022-08-26,19:25
402995,Smiley's,559408859,57.95,6.37,7,2.9,74.22,CARD,2022-08-27,18:14
402995,Smiley's,559447927,59.94,6.59,7,3,80.36,ONLINE,2022-08-27,19:13
402995,Smiley's,559998535,30,3.3,7,1.5,46.8,PayPal,2022-08-28,18:21
402995,Smiley's,560041753,47.85,5.26,7,2.39,71.88,Card (G-Pay / via Browser),2022-08-28,19:36
402995,Smiley's,560910721,31.99,3.52,7,1.6,48.52,ONLINE,2022-08-30,19:12
402995,Smiley's,561385707,36.84,4.05,7,1.84,51.72,ONLINE,2022-08-31,19:18
402995,Smiley's,561392154,67.65,7.44,7,3.38,102.56,ONLINE,2022-09-01,18:34
402995,Smiley's,561662192,12.95,1.42,7,0.65,26.02,ONLINE,2022-09-01,12:08
402995,Smiley's,562513291,26,2.86,7,1.3,42.73,ONLINE,2022-09-02,19:57
402995,Smiley's,563354998,41.85,4.6,7,2.09,55.54,CARD,2022-09-04,10:35
402995,Smiley's,563416429,39.4,4.33,7,1.97,57.97,ONLINE,2022-09-04,11:39
402995,Smiley's,563669983,26.89,2.96,7,1.34,40.86,ONLINE,2022-09-04,18:16
402995,Smiley's,563682015,17.95,1.97,7,0.9,31.44,ONLINE,2022-09-04,18:26
402995,Smiley's,564027059,16.94,1.86,7,0.85,31.98,ONLINE,2022-09-06,11:55
402995,Smiley's,564526160,14.95,1.64,7,0.75,24.34,CASH,2022-09-06,17:32
402995,Smiley's,564582337,17.9,1.97,7,0.9,29.71,ONLINE,2022-09-06,19:36
402995,Smiley's,564922780,29.98,3.3,7,1.5,41.78,CASH,2022-09-07,16:04
402995,Smiley's,565473704,7.9,0.87,7,0.4,16.17,CARD,2022-09-08,19:12
402995,Smiley's,566026309,26,2.86,7,1.3,37.16,PayPal,2022-09-09,18:20
402995,Smiley's,566088972,34,3.74,7,1.7,46.44,CARD,2022-09-09,20:08
402995,Smiley's,566366480,15.9,1.75,7,0.8,25.45,CARD,2022-09-10,11:30
402995,Smiley's,566376921,19.9,2.19,7,1,40,ONLINE,2022-09-10,11:29
402995,Smiley's,566547119,28,3.08,7,1.4,42.48,ONLINE,2022-09-10,16:15
402995,Smiley's,567133210,15.8,1.74,7,0.79,25.33,CASH,2022-09-11,16:20
402995,Smiley's,567967311,40,4.4,7,2,61.41,ONLINE,2022-09-13,17:51
402995,Smiley's,568420020,39.94,4.39,7,2,53.33,CARD,2022-09-14,18:18
402995,Smiley's,568468276,56.95,6.26,7,2.85,73.06,CARD,2022-09-14,20:39
402995,Smiley's,568912632,31.99,3.52,7,1.6,48.08,ONLINE,2022-09-15,19:40
402995,Smiley's,569472077,36.9,4.06,7,1.85,49.81,ONLINE,2022-09-16,18:22
402995,Smiley's,569472927,47,5.17,7,2.35,67.52,ONLINE,2022-09-16,18:35
402995,Smiley's,569538761,18.95,2.08,7,0.95,30.72,ONLINE,2022-09-16,19:57
402995,Smiley's,569777792,31.9,3.51,7,1.6,44.01,ONLINE,2022-09-17,10:44
402995,Smiley's,570014433,55.85,6.14,7,2.79,78.96,ONLINE,2022-09-17,16:39
402996,Taco Time,552620547,36.86,4.05,0,1.84,46.75,PayPal,2022-08-14,19:09
402996,Taco Time,552901106,35.93,3.95,0,1.8,48.77,ONLINE,2022-08-15,12:23
402996,Taco Time,553017851,35.95,3.95,0,1.8,47.54,PayPal,2022-08-16,17:44
402996,Taco Time,553094630,64.8,7.13,0,3.24,82.69,ONLINE,2022-08-15,19:35
402996,Taco Time,553464322,22.28,2.45,4.5,1.11,30.34,CARD,2022-08-16,16:20
402996,Taco Time,553518776,31.65,3.48,0,1.58,40.38,ONLINE,2022-08-16,18:16
402996,Taco Time,553544164,20.87,2.3,4.5,1.04,33.02,ONLINE,2022-08-16,19:14
402996,Taco Time,553939205,11.96,1.32,4.5,0.6,21.15,ONLINE,2022-08-17,16:08
402996,Taco Time,554026033,33.85,3.72,0,1.69,39.26,CARD,2022-08-17,19:03
402996,Taco Time,554383057,10.18,1.12,4.5,0.51,21.31,ONLINE,2022-08-18,14:12
402996,Taco Time,555120385,28.18,3.1,4.5,1.41,42,ONLINE,2022-08-19,18:21
402996,Taco Time,555627716,18.09,1.99,4.5,0.9,29.05,ONLINE,2022-08-20,15:31
402996,Taco Time,555760727,10.79,1.19,4.5,0.54,17.02,CASH,2022-08-20,18:36
402996,Taco Time,556649562,16.16,1.78,4.5,0.81,23.25,CARD,2022-08-22,17:23
402996,Taco Time,556793708,9.59,1.05,4.5,0.48,17.81,PayPal,2022-08-22,19:15
402996,Taco Time,557216838,38.54,4.24,0,1.93,44.71,CARD,2022-08-23,18:35
402996,Taco Time,557238079,52.82,5.81,0,2.64,68.01,ONLINE,2022-08-23,19:13
402996,Taco Time,557248502,45.73,5.03,0,2.29,53.05,CARD,2022-08-23,19:46
402996,Taco Time,557263806,24.95,2.74,4.5,1.25,33.44,CARD,2022-08-23,20:37
402996,Taco Time,557683937,21.38,2.35,4.5,1.07,29.3,CARD,2022-08-24,18:17
402996,Taco Time,558029087,38.85,4.27,0,1.94,45.06,CASH,2022-08-25,13:29
402996,Taco Time,558145521,14.08,1.55,4.5,0.7,21.87,ONLINE,2022-08-25,17:30
402996,Taco Time,558735186,29.56,3.25,4.5,1.48,44.61,ONLINE,2022-08-26,17:04
402996,Taco Time,558747891,41.75,4.59,0,2.09,48.43,CARD,2022-08-26,17:17
402996,Taco Time,559326188,44.05,4.85,0,2.2,57.1,PayPal,2022-08-27,16:14
402996,Taco Time,559417945,18.16,2,4.5,0.91,25.57,CASH,2022-08-27,18:24
402996,Taco Time,559499283,18.76,2.06,4.5,0.94,26.26,CARD,2022-08-28,17:58
402996,Taco Time,559935512,17.09,1.88,4.5,0.85,24.32,CARD,2022-08-28,16:32
402996,Taco Time,560430848,57.01,6.27,0,2.85,72.74,ONLINE,2022-08-29,17:33
402996,Taco Time,560483446,36.47,4.01,0,1.82,45.68,ONLINE,2022-08-29,20:06
402996,Taco Time,560871836,22.35,2.46,4.5,1.12,30.43,CARD,2022-08-30,17:28
402996,Taco Time,561379526,32.53,3.58,0,1.63,41.51,ONLINE,2022-08-31,19:00
402996,Taco Time,561886079,23.56,2.59,4.5,1.18,35.01,ONLINE,2022-09-01,19:34
402996,Taco Time,562485790,24.76,2.72,4.5,1.24,36.54,ONLINE,2022-09-02,18:57
402996,Taco Time,562492302,38.48,4.23,0,1.92,44.63,CARD,2022-09-02,19:16
402996,Taco Time,562499725,53.89,5.93,0,2.69,67.51,ONLINE,2022-09-02,19:34
402996,Taco Time,562511920,13.29,1.46,4.5,0.66,22.91,ONLINE,2022-09-02,20:36
402996,Taco Time,563049030,15.37,1.69,4.5,0.77,22.33,CARD,2022-09-03,17:31
402996,Taco Time,563113565,30.88,3.4,0,1.54,40.82,PayPal,2022-09-03,19:10
402996,Taco Time,563587477,26.65,2.93,4.5,1.33,38.41,ONLINE,2022-09-04,16:09
402996,Taco Time,563674449,38.93,4.28,0,1.95,51.93,Card (G-Pay / via Browser),2022-09-04,18:22
402996,Taco Time,564543238,17.44,1.92,4.5,0.87,25.97,ONLINE,2022-09-06,18:06
402996,Taco Time,564554021,70.22,7.72,0,3.51,93.67,ONLINE,2022-09-06,18:47
402996,Taco Time,564981677,16.89,1.86,4.5,0.84,24.09,CARD,2022-09-07,17:56
402996,Taco Time,564990819,73.48,8.08,0,3.67,92.9,ONLINE,2022-09-07,18:15
402996,Taco Time,566066150,12.09,1.33,4.5,0.6,23.52,ONLINE,2022-09-09,19:07
402996,Taco Time,566679366,104.08,11.45,0,5.2,132.8,ONLINE,2022-09-10,19:23
402996,Taco Time,567427641,31.92,3.51,0,1.6,37.03,CARD,2022-09-12,11:39
402996,Taco Time,567452546,57.65,6.34,0,2.88,66.87,CARD,2022-09-12,12:27
402996,Taco Time,567560458,39.02,4.29,0,1.95,45.26,CARD,2022-09-12,17:09
402996,Taco Time,567966602,74.03,8.14,0,3.7,94.46,ONLINE,2022-09-13,17:42
402996,Taco Time,568823226,9.89,1.09,4.5,0.49,15.97,CARD,2022-09-15,16:17
402996,Taco Time,568915519,25.77,2.83,4.5,1.29,38.39,ONLINE,2022-09-15,19:27
402996,Taco Time,569475765,12.09,1.33,4.5,0.6,21.48,ONLINE,2022-09-16,18:04
402996,Taco Time,570004498,19.46,2.14,4.5,0.97,27.07,CARD,2022-09-17,16:23
402996,Taco Time,570101875,11.29,1.24,4.5,0.56,17.59,CARD,2022-09-17,18:34
405508,Dairy Queen,552332224,22.08,2.43,4.5,1.1,30.11,PayPal,2022-08-14,11:33
405508,Dairy Queen,552340867,38.56,4.24,0,1.93,44.73,CARD,2022-08-14,11:44
405508,Dairy Queen,552400425,60.43,6.65,0,3.02,80.62,ONLINE,2022-08-14,13:13
405508,Dairy Queen,552440706,26.58,2.92,4.5,1.33,35.33,ONLINE,2022-08-14,14:19
405508,Dairy Queen,552671677,25.83,2.84,4.5,1.29,37.46,ONLINE,2022-08-14,21:41
405508,Dairy Queen,552673830,23.61,2.6,4.5,1.18,36.67,ONLINE,2022-08-14,21:44
